NCT_ID,Brief_Title,Overall_Status,Facility,Site_Status,City,State,Country,Data_Retrieved_Date
NCT05969041,Study of MT-302 in Adults With Advanced or Metastatic Epithelial Tumors,RECRUITING,St Vincent's Public Hospital Sydney,RECRUITING,Darlinghurst,New South Wales,Australia,2026-09-06
NCT05969041,Study of MT-302 in Adults With Advanced or Metastatic Epithelial Tumors,RECRUITING,Scientia Clinical Research Ltd,RECRUITING,Randwick,New South Wales,Australia,2026-09-06
NCT05969041,Study of MT-302 in Adults With Advanced or Metastatic Epithelial Tumors,RECRUITING,Westmead Hospital,RECRUITING,Westmead,New South Wales,Australia,2026-09-06
NCT05969041,Study of MT-302 in Adults With Advanced or Metastatic Epithelial Tumors,RECRUITING,Souther Oncology Clinical Research Unit (SOCRU),RECRUITING,Bedford Park,South Australia,Australia,2026-09-06
NCT05969041,Study of MT-302 in Adults With Advanced or Metastatic Epithelial Tumors,RECRUITING,Cabrini Health,RECRUITING,Malvern,Victoria,Australia,2026-09-06
NCT05969041,Study of MT-302 in Adults With Advanced or Metastatic Epithelial Tumors,RECRUITING,Linear Clinical Research Ltd,RECRUITING,Nedlands,Western Australia,Australia,2026-09-06
NCT07222267,An Investigational Study of BG-75202 Alone and in Combination With Other Therapeutic Agents in Adults With Advanced Solid Tumors,RECRUITING,Blacktown Cancer and Haematology Centre,RECRUITING,Blacktown,New South Wales,Australia,2026-09-06
NCT07222267,An Investigational Study of BG-75202 Alone and in Combination With Other Therapeutic Agents in Adults With Advanced Solid Tumors,RECRUITING,Chris Obrien Lifehouse,RECRUITING,Camperdown,New South Wales,Australia,2026-09-06
NCT07222267,An Investigational Study of BG-75202 Alone and in Combination With Other Therapeutic Agents in Adults With Advanced Solid Tumors,RECRUITING,Cancer Research South Australia,RECRUITING,Adelaide,South Australia,Australia,2026-09-06
NCT07222267,An Investigational Study of BG-75202 Alone and in Combination With Other Therapeutic Agents in Adults With Advanced Solid Tumors,RECRUITING,Austin Health,RECRUITING,Heidelberg,Victoria,Australia,2026-09-06
NCT07222267,An Investigational Study of BG-75202 Alone and in Combination With Other Therapeutic Agents in Adults With Advanced Solid Tumors,RECRUITING,Peter Maccallum Cancer Centre,RECRUITING,Melbourne,Victoria,Australia,2026-09-06
NCT07222267,An Investigational Study of BG-75202 Alone and in Combination With Other Therapeutic Agents in Adults With Advanced Solid Tumors,RECRUITING,Auckland City Hospital,NOT_YET_RECRUITING,Auckland,Grafton,New Zealand,2026-09-06
NCT05086692,A Beta-only IL-2 ImmunoTherapY Study,RECRUITING,Scientia Clinical Research,RECRUITING,Randwick,New South Wales,Australia,2026-09-06
NCT05086692,A Beta-only IL-2 ImmunoTherapY Study,RECRUITING,Macquarie University,RECRUITING,Sydney,New South Wales,Australia,2026-09-06
NCT05086692,A Beta-only IL-2 ImmunoTherapY Study,RECRUITING,University of the Sunshine Coast,RECRUITING,Buderim,Queensland,Australia,2026-09-06
NCT05086692,A Beta-only IL-2 ImmunoTherapY Study,RECRUITING,Gallipoli Medical Research Foundation,RECRUITING,Greenslopes,Queensland,Australia,2026-09-06
NCT05417594,Study of AZD9574 as Monotherapy and in Combination With Anti-cancer Agents in Participants With Advanced Solid Malignancies,RECRUITING,Research Site,RECRUITING,Darlinghurst,,Australia,2026-09-06
NCT05417594,Study of AZD9574 as Monotherapy and in Combination With Anti-cancer Agents in Participants With Advanced Solid Malignancies,RECRUITING,Research Site,RECRUITING,Melbourne,,Australia,2026-09-06
NCT05417594,Study of AZD9574 as Monotherapy and in Combination With Anti-cancer Agents in Participants With Advanced Solid Malignancies,RECRUITING,Research Site,RECRUITING,Randwick,,Australia,2026-09-06
NCT07661641,A Study of [177Lu]Lu-A9-0631 and [225Ac]Ac-A9-0642 With [68Ga]Ga-A9-6217 or [177Lu]Lu-A9-0631 Imaging in GRPR+ Solid Tumors,RECRUITING,Melbourne Theranostic Innovation Center,RECRUITING,Melbourne N.,Victoria,Australia,2026-09-06
NCT07661641,A Study of [177Lu]Lu-A9-0631 and [225Ac]Ac-A9-0642 With [68Ga]Ga-A9-6217 or [177Lu]Lu-A9-0631 Imaging in GRPR+ Solid Tumors,RECRUITING,GenesisCare Murdoch,NOT_YET_RECRUITING,Murdoch,Western Australia,Australia,2026-09-06
NCT05417516,A Randomized Trial of Five Fraction Partial Breast Irradiation (RAPID2),RECRUITING,GenesisCare Darlinghurst,RECRUITING,Darlinghurst,New South Wales,Australia,2026-09-06
NCT05417516,A Randomized Trial of Five Fraction Partial Breast Irradiation (RAPID2),RECRUITING,GenesisCare Hurstville,RECRUITING,Hurstville,New South Wales,Australia,2026-09-06
NCT05417516,A Randomized Trial of Five Fraction Partial Breast Irradiation (RAPID2),RECRUITING,GenesisCare Mater Hospital,RECRUITING,North Sydney,New South Wales,Australia,2026-09-06
NCT05417516,A Randomized Trial of Five Fraction Partial Breast Irradiation (RAPID2),RECRUITING,GenesisCare Bundaberg,RECRUITING,Bundaberg,Queensland,Australia,2026-09-06
NCT05417516,A Randomized Trial of Five Fraction Partial Breast Irradiation (RAPID2),RECRUITING,GenesisCare Southport,RECRUITING,Southport,Queensland,Australia,2026-09-06
NCT05417516,A Randomized Trial of Five Fraction Partial Breast Irradiation (RAPID2),RECRUITING,GenesisCare Tugun,RECRUITING,Tugun,Queensland,Australia,2026-09-06
NCT05417516,A Randomized Trial of Five Fraction Partial Breast Irradiation (RAPID2),RECRUITING,GenesisCare Hervey Bay,RECRUITING,Urraween,Queensland,Australia,2026-09-06
NCT05417516,A Randomized Trial of Five Fraction Partial Breast Irradiation (RAPID2),RECRUITING,GenesisCare St Andrew's,RECRUITING,Adelaide,South Australia,Australia,2026-09-06
NCT05417516,A Randomized Trial of Five Fraction Partial Breast Irradiation (RAPID2),RECRUITING,GenesisCare Bedford Park,RECRUITING,Bedford Park,South Australia,Australia,2026-09-06
NCT05417516,A Randomized Trial of Five Fraction Partial Breast Irradiation (RAPID2),RECRUITING,GenesisCare Wembley,RECRUITING,Wembley,Washington,Australia,2026-09-06
NCT05417516,A Randomized Trial of Five Fraction Partial Breast Irradiation (RAPID2),RECRUITING,GenesisCare Fiona Stanley Hospital,RECRUITING,Murdoch,Western Austrailia,Australia,2026-09-06
NCT05417516,A Randomized Trial of Five Fraction Partial Breast Irradiation (RAPID2),RECRUITING,GenesisCare Hollywood,RECRUITING,Nedlands,Western Australia,Australia,2026-09-06
NCT04585750,The Evaluation of PC14586 in Patients With Advanced Solid Tumors Harboring a TP53 Y220C Mutation (PYNNACLE),RECRUITING,Chris O'Brien Lifehouse Hospital,RECRUITING,Camperdown,New South Wales,Australia,2026-09-06
NCT04585750,The Evaluation of PC14586 in Patients With Advanced Solid Tumors Harboring a TP53 Y220C Mutation (PYNNACLE),RECRUITING,Mater Cancer Care Centre,RECRUITING,South Brisbane,Queensland,Australia,2026-09-06
NCT04585750,The Evaluation of PC14586 in Patients With Advanced Solid Tumors Harboring a TP53 Y220C Mutation (PYNNACLE),RECRUITING,Flinders Medical Center,RECRUITING,Bedford Park,South Australia,Australia,2026-09-06
NCT04585750,The Evaluation of PC14586 in Patients With Advanced Solid Tumors Harboring a TP53 Y220C Mutation (PYNNACLE),RECRUITING,Monash Medical Centre,RECRUITING,Clayton,Victoria,Australia,2026-09-06
NCT04585750,The Evaluation of PC14586 in Patients With Advanced Solid Tumors Harboring a TP53 Y220C Mutation (PYNNACLE),RECRUITING,Linear Clinical Research,RECRUITING,Nedlands,Western Australia,Australia,2026-09-06
NCT07085767,Palazestrant in Combination With Ribociclib for the First-line Treatment of ER+/HER2- Advanced Breast Cancer,RECRUITING,Clinical Trial Site,RECRUITING,Sydney,New South Wales,Australia,2026-09-06
NCT07085767,Palazestrant in Combination With Ribociclib for the First-line Treatment of ER+/HER2- Advanced Breast Cancer,RECRUITING,Clinical Trial Site,RECRUITING,Waratah,New South Wales,Australia,2026-09-06
NCT07085767,Palazestrant in Combination With Ribociclib for the First-line Treatment of ER+/HER2- Advanced Breast Cancer,RECRUITING,Clinical Trial Site,RECRUITING,South Brisbane,Queensland,Australia,2026-09-06
NCT07085767,Palazestrant in Combination With Ribociclib for the First-line Treatment of ER+/HER2- Advanced Breast Cancer,RECRUITING,Clinical Trial Site,RECRUITING,Adelaide,South Australia,Australia,2026-09-06
NCT07085767,Palazestrant in Combination With Ribociclib for the First-line Treatment of ER+/HER2- Advanced Breast Cancer,RECRUITING,Clinical Trial Site,RECRUITING,Clayton,Victoria,Australia,2026-09-06
NCT07085767,Palazestrant in Combination With Ribociclib for the First-line Treatment of ER+/HER2- Advanced Breast Cancer,RECRUITING,Clinical Trial Site,RECRUITING,Geelong,Victoria,Australia,2026-09-06
NCT07085767,Palazestrant in Combination With Ribociclib for the First-line Treatment of ER+/HER2- Advanced Breast Cancer,RECRUITING,Clinical Trial Site,RECRUITING,Heidelberg,Victoria,Australia,2026-09-06
NCT07085767,Palazestrant in Combination With Ribociclib for the First-line Treatment of ER+/HER2- Advanced Breast Cancer,RECRUITING,Clinical Trial Site,RECRUITING,Nedlands,Western Australia,Australia,2026-09-06
NCT05503797,A Study to Assess the Efficacy and Safety of FORE8394 in Participants With Cancer Harboring BRAF Alterations,RECRUITING,Newcastle Private Hospital,RECRUITING,New Lambton Heights,New South Wales,Australia,2026-09-06
NCT05503797,A Study to Assess the Efficacy and Safety of FORE8394 in Participants With Cancer Harboring BRAF Alterations,RECRUITING,Orange Health Service,RECRUITING,Orange,New South Wales,Australia,2026-09-06
NCT05503797,A Study to Assess the Efficacy and Safety of FORE8394 in Participants With Cancer Harboring BRAF Alterations,RECRUITING,Sydney Children's Hospital Network - Randwick,RECRUITING,Randwick,New South Wales,Australia,2026-09-06
NCT05503797,A Study to Assess the Efficacy and Safety of FORE8394 in Participants With Cancer Harboring BRAF Alterations,RECRUITING,Flinders Medical Centre,RECRUITING,Bedford Park,South Australia,Australia,2026-09-06
NCT05503797,A Study to Assess the Efficacy and Safety of FORE8394 in Participants With Cancer Harboring BRAF Alterations,RECRUITING,The Alfred,RECRUITING,Melbourne,Victoria,Australia,2026-09-06
NCT06393374,Sacituzumab Tirumotecan (MK-2870) Plus Pembrolizumab Versus TPC in TNBC Who Did Not Achieve pCR (MK-2870-012),RECRUITING,Macquarie University-MQ Health Clinical Trials Unit ( Site 2703),RECRUITING,Macquarie University,New South Wales,Australia,2026-09-06
NCT06393374,Sacituzumab Tirumotecan (MK-2870) Plus Pembrolizumab Versus TPC in TNBC Who Did Not Achieve pCR (MK-2870-012),RECRUITING,Westmead Hospital ( Site 2700),RECRUITING,Westmead,New South Wales,Australia,2026-09-06
NCT06393374,Sacituzumab Tirumotecan (MK-2870) Plus Pembrolizumab Versus TPC in TNBC Who Did Not Achieve pCR (MK-2870-012),RECRUITING,"Royal Brisbane and Women's Hospital-Medical Oncology Clinical Trials Unit, Cancer Care Services ( Site 2701)",RECRUITING,Brisbane,Queensland,Australia,2026-09-06
NCT06393374,Sacituzumab Tirumotecan (MK-2870) Plus Pembrolizumab Versus TPC in TNBC Who Did Not Achieve pCR (MK-2870-012),RECRUITING,Frankston Hospital-Oncology and Haematology ( Site 2704),RECRUITING,Frankston,Victoria,Australia,2026-09-06
NCT06926868,"A Study of Izalontamab Brengitecan Versus Chemotherapy in Participants With Previously Untreated, Locally Advanced, Recurrent Inoperable, or Metastatic Triple-negative Breast Cancer Ineligible for Anti-PD(L)1 Drugs (IZABRIGHT-Breast01)",RECRUITING,Macquarie University,RECRUITING,Macquarie University,New South Wales,Australia,2026-09-06
NCT06926868,"A Study of Izalontamab Brengitecan Versus Chemotherapy in Participants With Previously Untreated, Locally Advanced, Recurrent Inoperable, or Metastatic Triple-negative Breast Cancer Ineligible for Anti-PD(L)1 Drugs (IZABRIGHT-Breast01)",RECRUITING,Royal Brisbane and Women's Hospital,RECRUITING,Brisbane,Queensland,Australia,2026-09-06
NCT06926868,"A Study of Izalontamab Brengitecan Versus Chemotherapy in Participants With Previously Untreated, Locally Advanced, Recurrent Inoperable, or Metastatic Triple-negative Breast Cancer Ineligible for Anti-PD(L)1 Drugs (IZABRIGHT-Breast01)",RECRUITING,Grampians Health,RECRUITING,Ballarat Central,Victoria,Australia,2026-09-06
NCT06926868,"A Study of Izalontamab Brengitecan Versus Chemotherapy in Participants With Previously Untreated, Locally Advanced, Recurrent Inoperable, or Metastatic Triple-negative Breast Cancer Ineligible for Anti-PD(L)1 Drugs (IZABRIGHT-Breast01)",RECRUITING,Austin Health,RECRUITING,Heidelberg,Victoria,Australia,2026-09-06
NCT06926868,"A Study of Izalontamab Brengitecan Versus Chemotherapy in Participants With Previously Untreated, Locally Advanced, Recurrent Inoperable, or Metastatic Triple-negative Breast Cancer Ineligible for Anti-PD(L)1 Drugs (IZABRIGHT-Breast01)",RECRUITING,Peter MacCallum Cancer Centre,RECRUITING,Melbourne,Victoria,Australia,2026-09-06
NCT06926868,"A Study of Izalontamab Brengitecan Versus Chemotherapy in Participants With Previously Untreated, Locally Advanced, Recurrent Inoperable, or Metastatic Triple-negative Breast Cancer Ineligible for Anti-PD(L)1 Drugs (IZABRIGHT-Breast01)",RECRUITING,St. John of God Subiaco Hospital,RECRUITING,Subiaco,Western Australia,Australia,2026-09-06
NCT07339176,Intratumoral N17350 in Advanced Solid Tumors,RECRUITING,Calvary Mater Hospital,RECRUITING,Newcastle,New South Wales,Australia,2026-09-06
NCT07339176,Intratumoral N17350 in Advanced Solid Tumors,RECRUITING,Westmead Hospital,RECRUITING,Westmead,New South Wales,Australia,2026-09-06
NCT07339176,Intratumoral N17350 in Advanced Solid Tumors,RECRUITING,Peter MacCallum Cancer Centre (PMCC),NOT_YET_RECRUITING,Melbourne,Victoria,Australia,2026-09-06
NCT06312176,A Study of Sacituzumab Tirumotecan (MK-2870) as a Single Agent and in Combination With Pembrolizumab (MK-3475) Versus Treatment of Physician's Choice in Participants With HR+/HER2- Unresectable Locally Advanced or Metastatic Breast Cancer (MK-2870-010),RECRUITING,Macquarie University-MQ Health Clinical Trials Unit ( Site 2002),RECRUITING,Macquarie University,New South Wales,Australia,2026-09-06
NCT06312176,A Study of Sacituzumab Tirumotecan (MK-2870) as a Single Agent and in Combination With Pembrolizumab (MK-3475) Versus Treatment of Physician's Choice in Participants With HR+/HER2- Unresectable Locally Advanced or Metastatic Breast Cancer (MK-2870-010),RECRUITING,Westmead Hospital ( Site 2000),RECRUITING,Westmead,New South Wales,Australia,2026-09-06
NCT06312176,A Study of Sacituzumab Tirumotecan (MK-2870) as a Single Agent and in Combination With Pembrolizumab (MK-3475) Versus Treatment of Physician's Choice in Participants With HR+/HER2- Unresectable Locally Advanced or Metastatic Breast Cancer (MK-2870-010),RECRUITING,Fiona Stanley Hospital-Medical Oncology ( Site 2004),RECRUITING,Murdoch,Western Australia,Australia,2026-09-06
NCT06380751,"Saruparib (AZD5305) Plus Camizestrant or Plus Endocrine Therapy, Compared With CDK4/6 Inhibitor Plus Endocrine Therapy or Plus Camizestrant in HR-Positive, HER2-Negative (IHC 0, 1+, 2+/ ISH Non-amplified), BRCA1, BRCA2, or PALB2m Advanced Breast Cancer",RECRUITING,Research Site,RECRUITING,Darlinghurst,,Australia,2026-09-06
NCT06380751,"Saruparib (AZD5305) Plus Camizestrant or Plus Endocrine Therapy, Compared With CDK4/6 Inhibitor Plus Endocrine Therapy or Plus Camizestrant in HR-Positive, HER2-Negative (IHC 0, 1+, 2+/ ISH Non-amplified), BRCA1, BRCA2, or PALB2m Advanced Breast Cancer",RECRUITING,Research Site,RECRUITING,Darlinghurst,,Australia,2026-09-06
NCT06380751,"Saruparib (AZD5305) Plus Camizestrant or Plus Endocrine Therapy, Compared With CDK4/6 Inhibitor Plus Endocrine Therapy or Plus Camizestrant in HR-Positive, HER2-Negative (IHC 0, 1+, 2+/ ISH Non-amplified), BRCA1, BRCA2, or PALB2m Advanced Breast Cancer",RECRUITING,Research Site,RECRUITING,Melbourne,,Australia,2026-09-06
NCT06726148,Study of ECI830 Single Agent or in Combination in Patients With Advanced HR+/HER2- Breast Cancer and in Patients With Other Advanced Solid Tumors,RECRUITING,Novartis Investigative Site,RECRUITING,Clayton,Victoria,Australia,2026-09-06
NCT06726148,Study of ECI830 Single Agent or in Combination in Patients With Advanced HR+/HER2- Breast Cancer and in Patients With Other Advanced Solid Tumors,RECRUITING,Novartis Investigative Site,RECRUITING,Melbourne,Victoria,Australia,2026-09-06
NCT05867251,Study of AVZO-021 in Patients With Advanced Solid Tumors,RECRUITING,Macquarie University Hospital,RECRUITING,Macquarie University,New South Wales,Australia,2026-09-06
NCT05867251,Study of AVZO-021 in Patients With Advanced Solid Tumors,RECRUITING,Cancer Care Wollongong,RECRUITING,Wollongong,New South Wales,Australia,2026-09-06
NCT05523947,Clinical Trial of YH32367 in Patients With HER2 Positive Locally Advanced or Metastatic Solid Tumor,RECRUITING,Blacktown Hospital,RECRUITING,Sydney,,Australia,2026-09-06
NCT03424005,A Study Evaluating the Efficacy and Safety of Multiple Treatment Combinations in Patients With Metastatic or Locally Advanced Breast Cancer,RECRUITING,Peter MacCallum Cancer Centre-East Melbourne,RECRUITING,Melbourne,Victoria,Australia,2026-09-06
NCT03424005,A Study Evaluating the Efficacy and Safety of Multiple Treatment Combinations in Patients With Metastatic or Locally Advanced Breast Cancer,RECRUITING,Fiona Stanley Hospital - Medical Oncology,RECRUITING,Murdoch,Western Australia,Australia,2026-09-06
NCT06982521,Phase 3 Study of RLY-2608 + Fulvestrant vs Capivasertib + Fulvestrant as Treatment for Locally Advanced or Metastatic PIK3CA-mutant HR+/HER2- Breast Cancer,RECRUITING,St. Vincent's Hospital Sydney,RECRUITING,Darlinghurst,New South Wales,Australia,2026-09-06
NCT06982521,Phase 3 Study of RLY-2608 + Fulvestrant vs Capivasertib + Fulvestrant as Treatment for Locally Advanced or Metastatic PIK3CA-mutant HR+/HER2- Breast Cancer,RECRUITING,Lake Macquarie Hospital,RECRUITING,Gateshead,New South Wales,Australia,2026-09-06
NCT06982521,Phase 3 Study of RLY-2608 + Fulvestrant vs Capivasertib + Fulvestrant as Treatment for Locally Advanced or Metastatic PIK3CA-mutant HR+/HER2- Breast Cancer,RECRUITING,Mater Hospital Sydney,RECRUITING,North Sydney,New South Wales,Australia,2026-09-06
NCT06982521,Phase 3 Study of RLY-2608 + Fulvestrant vs Capivasertib + Fulvestrant as Treatment for Locally Advanced or Metastatic PIK3CA-mutant HR+/HER2- Breast Cancer,RECRUITING,Sydney Adventist Hospital,RECRUITING,Wahroonga,New South Wales,Australia,2026-09-06
NCT06982521,Phase 3 Study of RLY-2608 + Fulvestrant vs Capivasertib + Fulvestrant as Treatment for Locally Advanced or Metastatic PIK3CA-mutant HR+/HER2- Breast Cancer,RECRUITING,Monash Health,RECRUITING,Clayton,Victoria,Australia,2026-09-06
NCT06982521,Phase 3 Study of RLY-2608 + Fulvestrant vs Capivasertib + Fulvestrant as Treatment for Locally Advanced or Metastatic PIK3CA-mutant HR+/HER2- Breast Cancer,RECRUITING,Barwon Health,RECRUITING,Geelong,Victoria,Australia,2026-09-06
NCT06982521,Phase 3 Study of RLY-2608 + Fulvestrant vs Capivasertib + Fulvestrant as Treatment for Locally Advanced or Metastatic PIK3CA-mutant HR+/HER2- Breast Cancer,RECRUITING,Peter MacCallum Cancer Center,RECRUITING,Melbourne,Victoria,Australia,2026-09-06
NCT06982521,Phase 3 Study of RLY-2608 + Fulvestrant vs Capivasertib + Fulvestrant as Treatment for Locally Advanced or Metastatic PIK3CA-mutant HR+/HER2- Breast Cancer,RECRUITING,Bayside Health (Alfred),RECRUITING,Melbourne,Victoria,Australia,2026-09-06
NCT06982521,Phase 3 Study of RLY-2608 + Fulvestrant vs Capivasertib + Fulvestrant as Treatment for Locally Advanced or Metastatic PIK3CA-mutant HR+/HER2- Breast Cancer,RECRUITING,Sunshine Hospital,RECRUITING,Saint Albans,Victoria,Australia,2026-09-06
NCT06982521,Phase 3 Study of RLY-2608 + Fulvestrant vs Capivasertib + Fulvestrant as Treatment for Locally Advanced or Metastatic PIK3CA-mutant HR+/HER2- Breast Cancer,RECRUITING,Ballarat Oncology & Haematology Clinical Research Fund,RECRUITING,Wendouree,Victoria,Australia,2026-09-06
NCT07608848,First-in-human Diagnostic Imaging Profile of the Theranostic Pair [68Ga]Ga-DOTA-STR-17126 and Low Dose [177Lu] Lu-DOTA-STR-17126 in Patients With Advanced or Metastatic Cancer,RECRUITING,Icon Cancer Centre Hollywood,RECRUITING,Perth,Western Australia,Australia,2026-09-06
NCT05592938,Partial Breast Re-irradiation Using Ultra Hypofractionation (PRESERVE),RECRUITING,Peter MacCallum Cancer Centre,RECRUITING,Melbourne,Victoria,Australia,2026-09-06
NCT07552922,Determining INdividual Preferences for Gynecomastia avOidance (DINGO) - Stage 1,RECRUITING,Kinghorn Cancer Centre,RECRUITING,Sydney,New South Wales,Australia,2026-09-06
NCT07115043,A Study to Investigate Safety of AZD6750 in Adult Participants With Select Advanced or Metastatic Solid Tumors,RECRUITING,Research Site,RECRUITING,East Melbourne,,Australia,2026-09-06
NCT06910657,IDOV-Immune for Advanced Solid Tumors,RECRUITING,Westmead Hospital,RECRUITING,Westmead,New South Wales,Australia,2026-09-06
NCT06910657,IDOV-Immune for Advanced Solid Tumors,RECRUITING,The Alfred Hospital,RECRUITING,Melbourne,Victoria,Australia,2026-09-06
NCT05735080,"Open-Label Study to Evaluate the Safety, Tolerability, PK, and Efficacy of INX-315 in Patients With Advanced Cancer",RECRUITING,Peninsula and South Eastern Haematology & Oncology Group,RECRUITING,Frankston,Victoria,Australia,2026-09-06
NCT05735080,"Open-Label Study to Evaluate the Safety, Tolerability, PK, and Efficacy of INX-315 in Patients With Advanced Cancer",RECRUITING,Peter MacCallum Cancer Center,RECRUITING,Parkville,Victoria,Australia,2026-09-06
NCT05735080,"Open-Label Study to Evaluate the Safety, Tolerability, PK, and Efficacy of INX-315 in Patients With Advanced Cancer",RECRUITING,Mater Hospital,RECRUITING,South Brisbane,,Australia,2026-09-06
NCT04895709,A Study of BMS-986340 as Monotherapy and as Combination Therapy in Participants With Advanced Solid Tumors,RECRUITING,Blacktown Hospital,RECRUITING,Blacktown,New South Wales,Australia,2026-09-06
NCT04895709,A Study of BMS-986340 as Monotherapy and as Combination Therapy in Participants With Advanced Solid Tumors,RECRUITING,Liverpool Hospital,RECRUITING,Liverpool,New South Wales,Australia,2026-09-06
NCT04895709,A Study of BMS-986340 as Monotherapy and as Combination Therapy in Participants With Advanced Solid Tumors,RECRUITING,Princess Alexandra Hospital,RECRUITING,Brisbane,Queensland,Australia,2026-09-06
NCT04895709,A Study of BMS-986340 as Monotherapy and as Combination Therapy in Participants With Advanced Solid Tumors,RECRUITING,Cabrini Hospital - Malvern,RECRUITING,Malvern,Victoria,Australia,2026-09-06
NCT04895709,A Study of BMS-986340 as Monotherapy and as Combination Therapy in Participants With Advanced Solid Tumors,RECRUITING,St Vincent's Hospital,RECRUITING,Melbourne,Victoria,Australia,2026-09-06
NCT04895709,A Study of BMS-986340 as Monotherapy and as Combination Therapy in Participants With Advanced Solid Tumors,RECRUITING,One Clinical Research,RECRUITING,Nedlands,Western Australia,Australia,2026-09-06
NCT07060807,A Clinical Study of Patritumab Deruxtecan to Treat Breast Cancer (MK-1022-016),RECRUITING,Blacktown Hospital-Blacktown Cancer and Haematology Centre - Medical Oncology ( Site 2300),RECRUITING,Blacktown,New South Wales,Australia,2026-09-06
NCT07060807,A Clinical Study of Patritumab Deruxtecan to Treat Breast Cancer (MK-1022-016),RECRUITING,Chris O'Brien Lifehouse ( Site 2302),RECRUITING,Camperdown,New South Wales,Australia,2026-09-06
NCT07060807,A Clinical Study of Patritumab Deruxtecan to Treat Breast Cancer (MK-1022-016),RECRUITING,Monash Medical Centre ( Site 2301),RECRUITING,Clayton,Victoria,Australia,2026-09-06
NCT07060807,A Clinical Study of Patritumab Deruxtecan to Treat Breast Cancer (MK-1022-016),RECRUITING,The Alfred Hospital ( Site 2305),RECRUITING,Melbourne,Victoria,Australia,2026-09-06
NCT07060807,A Clinical Study of Patritumab Deruxtecan to Treat Breast Cancer (MK-1022-016),RECRUITING,Sir Charles Gairdner Hospital ( Site 2304),RECRUITING,Nedlands,Western Australia,Australia,2026-09-06
NCT05350722,Single-dose Preoperative Partial Breast Irradiation in Low-risk Breast Cancer Patients,RECRUITING,GenesisCare,NOT_YET_RECRUITING,Sydney,,Australia,2026-09-06
NCT05508906,"Phase 1b Study of OP-1250 (Palazestrant) in Combination With Ribociclib, Alpelisib, Everolimus, or Atirmociclib in ER+, HER2- Breast Cancer",RECRUITING,Macquarie Health,RECRUITING,Sydney,New South Wales,Australia,2026-09-06
NCT05508906,"Phase 1b Study of OP-1250 (Palazestrant) in Combination With Ribociclib, Alpelisib, Everolimus, or Atirmociclib in ER+, HER2- Breast Cancer",RECRUITING,Breast Cancer Research Center- Western Australia,RECRUITING,Nedlands,Western Australia,Australia,2026-09-06
NCT06926920,A Study of Sacituzumab Govitecan Given at an Alternative Dose and Schedule in Participants With Advanced Triple-Negative Breast Cancer,RECRUITING,St. Vincent's Hospital - Kinghorn Cancer Center,RECRUITING,Darlinghurst,New South Wales,Australia,2026-09-06
NCT06926920,A Study of Sacituzumab Govitecan Given at an Alternative Dose and Schedule in Participants With Advanced Triple-Negative Breast Cancer,RECRUITING,Sunshine Coast University Private Hospital,RECRUITING,Birtinya,Queensland,Australia,2026-09-06
NCT06926920,A Study of Sacituzumab Govitecan Given at an Alternative Dose and Schedule in Participants With Advanced Triple-Negative Breast Cancer,RECRUITING,John Flynn Private Hospital,RECRUITING,Tugun,Queensland,Australia,2026-09-06
NCT06400472,A Study of Sofe-M in Participants With Selected Advanced Solid Tumors,RECRUITING,Cancer Research SA,RECRUITING,Adelaide,,Australia,2026-09-06
NCT06400472,A Study of Sofe-M in Participants With Selected Advanced Solid Tumors,RECRUITING,Icon Cancer Centre South Brisbane,RECRUITING,QLD,,Australia,2026-09-06
NCT07368998,To Study the Effect of Inavolisib in Combination With Fulvestrant in Participants With Breast Cancer,RECRUITING,Blacktown Hospital,RECRUITING,Blacktown,New South Wales,Australia,2026-09-06
NCT07368998,To Study the Effect of Inavolisib in Combination With Fulvestrant in Participants With Breast Cancer,RECRUITING,Coffs Harbour Health Campus,RECRUITING,Coffs Harbour,New South Wales,Australia,2026-09-06
NCT07368998,To Study the Effect of Inavolisib in Combination With Fulvestrant in Participants With Breast Cancer,RECRUITING,Bendigo Cancer Centre,RECRUITING,Bendigo,Victoria,Australia,2026-09-06
NCT07368998,To Study the Effect of Inavolisib in Combination With Fulvestrant in Participants With Breast Cancer,RECRUITING,Sir Charles Gairdner Hospital,RECRUITING,Perth,Western Australia,Australia,2026-09-06
NCT05315700,Study of ORIC-114 in Patients With Advanced Solid Tumors Harboring an EGFR or HER2 Alteration,RECRUITING,Chris O'Brien Lifehouse,RECRUITING,Camperdown,,Australia,2026-09-06
NCT05315700,Study of ORIC-114 in Patients With Advanced Solid Tumors Harboring an EGFR or HER2 Alteration,RECRUITING,Peter MacCallum Cancer Centre,RECRUITING,Melbourne,,Australia,2026-09-06
NCT05315700,Study of ORIC-114 in Patients With Advanced Solid Tumors Harboring an EGFR or HER2 Alteration,RECRUITING,"One Clinical Research, Hollywood Medical Centre",RECRUITING,Nedlands,,Australia,2026-09-06
NCT05315700,Study of ORIC-114 in Patients With Advanced Solid Tumors Harboring an EGFR or HER2 Alteration,RECRUITING,Sydney Adventist Health,RECRUITING,Sydney,,Australia,2026-09-06
NCT05184582,Physical Exercise During Preoperative Chemotherapy for Breast Cancer,RECRUITING,Cabrini Health,NOT_YET_RECRUITING,Melbourne,,Australia,2026-09-06
NCT07229313,A Study of KIVU-107 in Participants With Locally Advanced or Metastatic Solid Tumors,RECRUITING,Kivu Trial Site,RECRUITING,Camperdown,New South Wales,Australia,2026-09-06
NCT07229313,A Study of KIVU-107 in Participants With Locally Advanced or Metastatic Solid Tumors,RECRUITING,Kivu Trial Site,RECRUITING,Sydney,New South Wales,Australia,2026-09-06
NCT07229313,A Study of KIVU-107 in Participants With Locally Advanced or Metastatic Solid Tumors,RECRUITING,Kivu Trial Site,RECRUITING,Brisbane,Queensland,Australia,2026-09-06
NCT07229313,A Study of KIVU-107 in Participants With Locally Advanced or Metastatic Solid Tumors,RECRUITING,Kivu Trial Site,RECRUITING,Adelaide,South Australia,Australia,2026-09-06
NCT07229313,A Study of KIVU-107 in Participants With Locally Advanced or Metastatic Solid Tumors,RECRUITING,Kivu Trial Site,RECRUITING,Geelong,Victoria,Australia,2026-09-06
NCT06533332,A Phase 1 Trial of ERX-315 in Participants With Advanced Solid Tumors,RECRUITING,Macquarie University Health,RECRUITING,Ryde,New South Wales,Australia,2026-09-06
NCT06533332,A Phase 1 Trial of ERX-315 in Participants With Advanced Solid Tumors,RECRUITING,The Kinghorn Cancer Center,RECRUITING,Sydney,New South Wales,Australia,2026-09-06
NCT06533332,A Phase 1 Trial of ERX-315 in Participants With Advanced Solid Tumors,RECRUITING,Westmead Hospital,RECRUITING,Westmead,New South Wales,Australia,2026-09-06
NCT06533332,A Phase 1 Trial of ERX-315 in Participants With Advanced Solid Tumors,RECRUITING,Cancer Research SA,RECRUITING,Adelaide,South Australia,Australia,2026-09-06
NCT06533332,A Phase 1 Trial of ERX-315 in Participants With Advanced Solid Tumors,RECRUITING,Icon Cancer Centre Adelaide,RECRUITING,Adelaide,South Australia,Australia,2026-09-06
NCT07492641,BGB-43395 Plus Letrozole Versus CDK4/6i Plus Letrozole for Patients With Advanced or Metastatic HR+/HER2- Breast Cancer Who Have Not Received Prior Treatment for Advanced or Metastatic Disease,RECRUITING,Blacktown Cancer and Haematology Centre,RECRUITING,Blacktown,New South Wales,Australia,2026-09-06
NCT07492641,BGB-43395 Plus Letrozole Versus CDK4/6i Plus Letrozole for Patients With Advanced or Metastatic HR+/HER2- Breast Cancer Who Have Not Received Prior Treatment for Advanced or Metastatic Disease,RECRUITING,Liverpool Hospital,RECRUITING,Liverpool,New South Wales,Australia,2026-09-06
NCT07492641,BGB-43395 Plus Letrozole Versus CDK4/6i Plus Letrozole for Patients With Advanced or Metastatic HR+/HER2- Breast Cancer Who Have Not Received Prior Treatment for Advanced or Metastatic Disease,RECRUITING,Wollongong Hospital,RECRUITING,Wollongong,New South Wales,Australia,2026-09-06
NCT07492641,BGB-43395 Plus Letrozole Versus CDK4/6i Plus Letrozole for Patients With Advanced or Metastatic HR+/HER2- Breast Cancer Who Have Not Received Prior Treatment for Advanced or Metastatic Disease,RECRUITING,Sunshine Coast University Private Hospital,RECRUITING,Birtinya,Queensland,Australia,2026-09-06
NCT07492641,BGB-43395 Plus Letrozole Versus CDK4/6i Plus Letrozole for Patients With Advanced or Metastatic HR+/HER2- Breast Cancer Who Have Not Received Prior Treatment for Advanced or Metastatic Disease,RECRUITING,Townsville University Hospital,RECRUITING,Douglas,Queensland,Australia,2026-09-06
NCT07492641,BGB-43395 Plus Letrozole Versus CDK4/6i Plus Letrozole for Patients With Advanced or Metastatic HR+/HER2- Breast Cancer Who Have Not Received Prior Treatment for Advanced or Metastatic Disease,RECRUITING,Peter Maccallum Cancer Centre,RECRUITING,Melbourne,Victoria,Australia,2026-09-06
NCT07492641,BGB-43395 Plus Letrozole Versus CDK4/6i Plus Letrozole for Patients With Advanced or Metastatic HR+/HER2- Breast Cancer Who Have Not Received Prior Treatment for Advanced or Metastatic Disease,RECRUITING,Fiona Stanley Hospital,RECRUITING,Murdoch,Western Australia,Australia,2026-09-06
NCT07492641,BGB-43395 Plus Letrozole Versus CDK4/6i Plus Letrozole for Patients With Advanced or Metastatic HR+/HER2- Breast Cancer Who Have Not Received Prior Treatment for Advanced or Metastatic Disease,RECRUITING,One Clinical Research,RECRUITING,Nedlands,Western Australia,Australia,2026-09-06
NCT07334119,"Safety, Pharmacokinetics, Pharmacodynamics and Preliminary Efficacy of MT-304 in Adults With Advanced HER2-Expressing Solid Tumors",RECRUITING,The Kinghorn Cancer Centre,RECRUITING,Darlinghurst,New South Wales,Australia,2026-09-06
NCT07334119,"Safety, Pharmacokinetics, Pharmacodynamics and Preliminary Efficacy of MT-304 in Adults With Advanced HER2-Expressing Solid Tumors",RECRUITING,Scientia Clinical Research Ltd,RECRUITING,Randwick,New South Wales,Australia,2026-09-06
NCT07334119,"Safety, Pharmacokinetics, Pharmacodynamics and Preliminary Efficacy of MT-304 in Adults With Advanced HER2-Expressing Solid Tumors",RECRUITING,Calvary Mater Newcastle,RECRUITING,Waratah,New South Wales,Australia,2026-09-06
NCT07334119,"Safety, Pharmacokinetics, Pharmacodynamics and Preliminary Efficacy of MT-304 in Adults With Advanced HER2-Expressing Solid Tumors",RECRUITING,Icon Cancer Centre South Brisbane,RECRUITING,South Brisbane,Queensland,Australia,2026-09-06
NCT07334119,"Safety, Pharmacokinetics, Pharmacodynamics and Preliminary Efficacy of MT-304 in Adults With Advanced HER2-Expressing Solid Tumors",RECRUITING,Cancer Research SA Pty Ltd,RECRUITING,Adelaide,South Australia,Australia,2026-09-06
NCT07334119,"Safety, Pharmacokinetics, Pharmacodynamics and Preliminary Efficacy of MT-304 in Adults With Advanced HER2-Expressing Solid Tumors",RECRUITING,Cabrini Health,RECRUITING,Melbourne,Victoria,Australia,2026-09-06
NCT07334119,"Safety, Pharmacokinetics, Pharmacodynamics and Preliminary Efficacy of MT-304 in Adults With Advanced HER2-Expressing Solid Tumors",RECRUITING,Linear Clinical Research,RECRUITING,Nedlands,Western Australia,Australia,2026-09-06
NCT06103864,A Phase III Study of Dato-DXd With or Without Durvalumab Compared With Investigator's Choice of Chemotherapy in Combination With Pembrolizumab in Patients With PD-L1 Positive Locally Recurrent Inoperable or Metastatic Triple-negative Breast Cancer (TROPION-Breast05),RECRUITING,Research Site,RECRUITING,Camperdown,,Australia,2026-09-06
NCT06103864,A Phase III Study of Dato-DXd With or Without Durvalumab Compared With Investigator's Choice of Chemotherapy in Combination With Pembrolizumab in Patients With PD-L1 Positive Locally Recurrent Inoperable or Metastatic Triple-negative Breast Cancer (TROPION-Breast05),RECRUITING,Research Site,RECRUITING,Melbourne,,Australia,2026-09-06
NCT06103864,A Phase III Study of Dato-DXd With or Without Durvalumab Compared With Investigator's Choice of Chemotherapy in Combination With Pembrolizumab in Patients With PD-L1 Positive Locally Recurrent Inoperable or Metastatic Triple-negative Breast Cancer (TROPION-Breast05),RECRUITING,Research Site,RECRUITING,Nedlands,,Australia,2026-09-06
NCT06120283,BGB-43395 Alone or as Part of Combination Therapies in Participants With Breast Cancer and Other Advanced Solid Tumors,RECRUITING,Blacktown Cancer and Haematology Centre,RECRUITING,Blacktown,New South Wales,Australia,2026-09-06
NCT06120283,BGB-43395 Alone or as Part of Combination Therapies in Participants With Breast Cancer and Other Advanced Solid Tumors,RECRUITING,Southern Highlands Private Hospital,RECRUITING,Bowral,New South Wales,Australia,2026-09-06
NCT06120283,BGB-43395 Alone or as Part of Combination Therapies in Participants With Breast Cancer and Other Advanced Solid Tumors,RECRUITING,Concord Repatriation General Hospital,RECRUITING,Concord,New South Wales,Australia,2026-09-06
NCT06120283,BGB-43395 Alone or as Part of Combination Therapies in Participants With Breast Cancer and Other Advanced Solid Tumors,RECRUITING,Macquarie University,RECRUITING,North Ryde,New South Wales,Australia,2026-09-06
NCT06120283,BGB-43395 Alone or as Part of Combination Therapies in Participants With Breast Cancer and Other Advanced Solid Tumors,RECRUITING,Townsville University Hospital,RECRUITING,Douglas,Queensland,Australia,2026-09-06
NCT06120283,BGB-43395 Alone or as Part of Combination Therapies in Participants With Breast Cancer and Other Advanced Solid Tumors,RECRUITING,Genesiscare St Andrews,RECRUITING,Adelaide,South Australia,Australia,2026-09-06
NCT06120283,BGB-43395 Alone or as Part of Combination Therapies in Participants With Breast Cancer and Other Advanced Solid Tumors,RECRUITING,Peter Maccallum Cancer Centre,RECRUITING,Melbourne,Victoria,Australia,2026-09-06
NCT06120283,BGB-43395 Alone or as Part of Combination Therapies in Participants With Breast Cancer and Other Advanced Solid Tumors,RECRUITING,Harbour Cancer and Wellness,RECRUITING,Auckland,,New Zealand,2026-09-06
NCT06784193,Phase 1 Study of OP-3136 in Advanced or Metastatic Solid Tumors,RECRUITING,Cancer Research South Australia,RECRUITING,Adelaide,South Australia,Australia,2026-09-06
NCT07062965,"A Study to Learn About the Study Medicine Called PF-07248144 in Combination With Fulvestrant in People With HR-positive, HER2-negative Advanced or Metastatic Breast Cancer Who Progressed After a Prior Line of Treatment.",RECRUITING,ICON Cancer Centre - Kurralta Park,NOT_YET_RECRUITING,Kurralta Park,South Australia,Australia,2026-09-06
NCT07062965,"A Study to Learn About the Study Medicine Called PF-07248144 in Combination With Fulvestrant in People With HR-positive, HER2-negative Advanced or Metastatic Breast Cancer Who Progressed After a Prior Line of Treatment.",RECRUITING,Peter MacCallum Cancer Centre,RECRUITING,Melbourne,Victoria,Australia,2026-09-06
NCT07062965,"A Study to Learn About the Study Medicine Called PF-07248144 in Combination With Fulvestrant in People With HR-positive, HER2-negative Advanced or Metastatic Breast Cancer Who Progressed After a Prior Line of Treatment.",RECRUITING,Western Health-Sunshine & Footscray Hospitals,RECRUITING,St Albans,Victoria,Australia,2026-09-06
NCT07545122,"A Phase 1a/1b, First-Time-in-Human Study of CT-202, a Nectin-4 Directed Bispecific Antibody, in Participants With Recurring Triple Negative Breast, Colorectal, Urothelial Cancers",RECRUITING,Sydney Adventist Hospital,RECRUITING,Wahroonga,New South Wales,Australia,2026-09-06
NCT07545122,"A Phase 1a/1b, First-Time-in-Human Study of CT-202, a Nectin-4 Directed Bispecific Antibody, in Participants With Recurring Triple Negative Breast, Colorectal, Urothelial Cancers",RECRUITING,Tasman Oncology Research,RECRUITING,Gold Coast,Queensland,Australia,2026-09-06
NCT07545122,"A Phase 1a/1b, First-Time-in-Human Study of CT-202, a Nectin-4 Directed Bispecific Antibody, in Participants With Recurring Triple Negative Breast, Colorectal, Urothelial Cancers",RECRUITING,Calvary Mater Hospital Newcastle,RECRUITING,Newcastle,Queensland,Australia,2026-09-06
NCT07545122,"A Phase 1a/1b, First-Time-in-Human Study of CT-202, a Nectin-4 Directed Bispecific Antibody, in Participants With Recurring Triple Negative Breast, Colorectal, Urothelial Cancers",RECRUITING,Linear Clinical Research,RECRUITING,Perth,Western Australia,Australia,2026-09-06
NCT06435429,"A Study Comparing the Efficacy and Safety of Zanidatamab to Trastuzumab, Each in Combination With Physician's Choice Chemotherapy, for the Treatment of Participants With Metastatic HER2-positive Breast Cancer",RECRUITING,Sunshine Coast University Private Hospital,RECRUITING,Birtinya,Queensland,Australia,2026-09-06
NCT06435429,"A Study Comparing the Efficacy and Safety of Zanidatamab to Trastuzumab, Each in Combination With Physician's Choice Chemotherapy, for the Treatment of Participants With Metastatic HER2-positive Breast Cancer",RECRUITING,Box Hill Hospital,RECRUITING,Melbourne,Victoria,Australia,2026-09-06
NCT06435429,"A Study Comparing the Efficacy and Safety of Zanidatamab to Trastuzumab, Each in Combination With Physician's Choice Chemotherapy, for the Treatment of Participants With Metastatic HER2-positive Breast Cancer",RECRUITING,Peninsula and South Eastern Haematology and Oncology Group,RECRUITING,Mount Waverly,Victoria,Australia,2026-09-06
NCT06435429,"A Study Comparing the Efficacy and Safety of Zanidatamab to Trastuzumab, Each in Combination With Physician's Choice Chemotherapy, for the Treatment of Participants With Metastatic HER2-positive Breast Cancer",RECRUITING,HPS Pharmacies - Adelaide,RECRUITING,Adelaide,,Australia,2026-09-06
NCT06435429,"A Study Comparing the Efficacy and Safety of Zanidatamab to Trastuzumab, Each in Combination With Physician's Choice Chemotherapy, for the Treatment of Participants With Metastatic HER2-positive Breast Cancer",RECRUITING,The Kinghorn Cancer Centre,RECRUITING,Mount Kuring-Gai,,Australia,2026-09-06
NCT06435429,"A Study Comparing the Efficacy and Safety of Zanidatamab to Trastuzumab, Each in Combination With Physician's Choice Chemotherapy, for the Treatment of Participants With Metastatic HER2-positive Breast Cancer",RECRUITING,St John of God Hospital Subiaco,RECRUITING,Subiaco,,Australia,2026-09-06
NCT07174336,A Study of Tersolisib (LY4064809/STX-478) With Other Anti-Cancer Treatments in Participants With Advanced Breast Cancer With a Genetic Change (PIK3CA),RECRUITING,Ballarat Health Services,RECRUITING,Ballarat Central,,Australia,2026-09-06
NCT07174336,A Study of Tersolisib (LY4064809/STX-478) With Other Anti-Cancer Treatments in Participants With Advanced Breast Cancer With a Genetic Change (PIK3CA),RECRUITING,The Prince Charles Hospital,RECRUITING,Brisbane,,Australia,2026-09-06
NCT07174336,A Study of Tersolisib (LY4064809/STX-478) With Other Anti-Cancer Treatments in Participants With Advanced Breast Cancer With a Genetic Change (PIK3CA),RECRUITING,St Vincent's Hospital,RECRUITING,Darlinghurst,,Australia,2026-09-06
NCT07174336,A Study of Tersolisib (LY4064809/STX-478) With Other Anti-Cancer Treatments in Participants With Advanced Breast Cancer With a Genetic Change (PIK3CA),RECRUITING,Royal Hobart Hospital,NOT_YET_RECRUITING,Hobart,,Australia,2026-09-06
NCT07174336,A Study of Tersolisib (LY4064809/STX-478) With Other Anti-Cancer Treatments in Participants With Advanced Breast Cancer With a Genetic Change (PIK3CA),RECRUITING,Peter MacCallum Cancer Centre,NOT_YET_RECRUITING,Melbourne,,Australia,2026-09-06
NCT07174336,A Study of Tersolisib (LY4064809/STX-478) With Other Anti-Cancer Treatments in Participants With Advanced Breast Cancer With a Genetic Change (PIK3CA),RECRUITING,Lake Macquarie Private Hospital,RECRUITING,Newcastle,,Australia,2026-09-06
NCT07174336,A Study of Tersolisib (LY4064809/STX-478) With Other Anti-Cancer Treatments in Participants With Advanced Breast Cancer With a Genetic Change (PIK3CA),RECRUITING,Macquarie University,RECRUITING,North Ryde,,Australia,2026-09-06
NCT07174336,A Study of Tersolisib (LY4064809/STX-478) With Other Anti-Cancer Treatments in Participants With Advanced Breast Cancer With a Genetic Change (PIK3CA),RECRUITING,Goulburn Valley Health,RECRUITING,Shepparton,,Australia,2026-09-06
NCT07174336,A Study of Tersolisib (LY4064809/STX-478) With Other Anti-Cancer Treatments in Participants With Advanced Breast Cancer With a Genetic Change (PIK3CA),RECRUITING,St. John of God Subiaco Hospital,RECRUITING,Subiaco,,Australia,2026-09-06
NCT07174336,A Study of Tersolisib (LY4064809/STX-478) With Other Anti-Cancer Treatments in Participants With Advanced Breast Cancer With a Genetic Change (PIK3CA),RECRUITING,The Townsville Hospital,NOT_YET_RECRUITING,Townsville,,Australia,2026-09-06
NCT07413939,RO7771950 Versus Tucatinib in Combination With Trastuzumab and Capecitabine in People With Locally Advanced or Metastatic Breast Cancer That is Human Epidermal Growth Factor Receptor 2 (HER2)-Positive,RECRUITING,Macquarie University Hospital,RECRUITING,Macquarie Park,New South Wales,Australia,2026-09-06
NCT07413939,RO7771950 Versus Tucatinib in Combination With Trastuzumab and Capecitabine in People With Locally Advanced or Metastatic Breast Cancer That is Human Epidermal Growth Factor Receptor 2 (HER2)-Positive,RECRUITING,Monash Health,RECRUITING,Clayton,Victoria,Australia,2026-09-06
NCT07413939,RO7771950 Versus Tucatinib in Combination With Trastuzumab and Capecitabine in People With Locally Advanced or Metastatic Breast Cancer That is Human Epidermal Growth Factor Receptor 2 (HER2)-Positive,RECRUITING,Barwon Health,RECRUITING,Geelong,Victoria,Australia,2026-09-06
NCT07413939,RO7771950 Versus Tucatinib in Combination With Trastuzumab and Capecitabine in People With Locally Advanced or Metastatic Breast Cancer That is Human Epidermal Growth Factor Receptor 2 (HER2)-Positive,RECRUITING,Peter MacCallum Cancer Centre,RECRUITING,Melbourne,Victoria,Australia,2026-09-06
NCT07413939,RO7771950 Versus Tucatinib in Combination With Trastuzumab and Capecitabine in People With Locally Advanced or Metastatic Breast Cancer That is Human Epidermal Growth Factor Receptor 2 (HER2)-Positive,RECRUITING,Sunshine Hospital,RECRUITING,St Albans,Victoria,Australia,2026-09-06
NCT07413939,RO7771950 Versus Tucatinib in Combination With Trastuzumab and Capecitabine in People With Locally Advanced or Metastatic Breast Cancer That is Human Epidermal Growth Factor Receptor 2 (HER2)-Positive,RECRUITING,"Auckland City Hospital, Cancer and Blood Research",RECRUITING,Auckland,,New Zealand,2026-09-06
NCT07413939,RO7771950 Versus Tucatinib in Combination With Trastuzumab and Capecitabine in People With Locally Advanced or Metastatic Breast Cancer That is Human Epidermal Growth Factor Receptor 2 (HER2)-Positive,RECRUITING,"Tauranga Hospital, Clinical Trials Unit",RECRUITING,Tauranga,,New Zealand,2026-09-06
NCT05216432,"First-in-Human Study of Mutant-selective PI3Kα Inhibitor, RLY-2608, as a Single Agent in Patients With Advanced Solid Tumors and in Combination With Endocrine Therapy +/- a CDK4/6 or CDK4 Inhibitor in Patients With Advanced Solid Tumors or Advanced Breast Cancer",RECRUITING,St Vincents Hospital,RECRUITING,Sydney,New South Wales,Australia,2026-09-06
NCT05216432,"First-in-Human Study of Mutant-selective PI3Kα Inhibitor, RLY-2608, as a Single Agent in Patients With Advanced Solid Tumors and in Combination With Endocrine Therapy +/- a CDK4/6 or CDK4 Inhibitor in Patients With Advanced Solid Tumors or Advanced Breast Cancer",RECRUITING,Peter MacCallum Cancer Center,RECRUITING,Melbourne,Victoria,Australia,2026-09-06
NCT05216432,"First-in-Human Study of Mutant-selective PI3Kα Inhibitor, RLY-2608, as a Single Agent in Patients With Advanced Solid Tumors and in Combination With Endocrine Therapy +/- a CDK4/6 or CDK4 Inhibitor in Patients With Advanced Solid Tumors or Advanced Breast Cancer",RECRUITING,The Alfred Hospital,RECRUITING,Melbourne,Victoria,Australia,2026-09-06
NCT06760819,A Study to Learn More About How Well Treatment With Sevabertinib (BAY 2927088) Tablets Works and How Safe it is in Participants Who Have a Solid Tumor With Mutations of the Human Epidermal Growth Factor Receptor 2 (HER2),RECRUITING,NSW Health - Blacktown Hospital,RECRUITING,Blacktown,New South Wales,Australia,2026-09-06
NCT06760819,A Study to Learn More About How Well Treatment With Sevabertinib (BAY 2927088) Tablets Works and How Safe it is in Participants Who Have a Solid Tumor With Mutations of the Human Epidermal Growth Factor Receptor 2 (HER2),RECRUITING,Macquarie University Hospital - Oncology Department,RECRUITING,Sydney,New South Wales,Australia,2026-09-06
NCT06760819,A Study to Learn More About How Well Treatment With Sevabertinib (BAY 2927088) Tablets Works and How Safe it is in Participants Who Have a Solid Tumor With Mutations of the Human Epidermal Growth Factor Receptor 2 (HER2),RECRUITING,ICON Cancer Centre - Southport,NOT_YET_RECRUITING,Southport,Queensland,Australia,2026-09-06
NCT06492616,"A Study of Elacestrant Versus Standard Endocrine Therapy in Women and Men With ER+,HER2-, Early Breast Cancer With High Risk of Recurrence",RECRUITING,St Vincent's Hospital Sydney,RECRUITING,Darlinghurst,New South Wales,Australia,2026-09-06
NCT06492616,"A Study of Elacestrant Versus Standard Endocrine Therapy in Women and Men With ER+,HER2-, Early Breast Cancer With High Risk of Recurrence",RECRUITING,Lake Macquarie Private Hospital - Oncology,RECRUITING,Gateshead,New South Wales,Australia,2026-09-06
NCT06492616,"A Study of Elacestrant Versus Standard Endocrine Therapy in Women and Men With ER+,HER2-, Early Breast Cancer With High Risk of Recurrence",RECRUITING,St George Hospital - Medical Oncology,RECRUITING,Kogarah,New South Wales,Australia,2026-09-06
NCT06492616,"A Study of Elacestrant Versus Standard Endocrine Therapy in Women and Men With ER+,HER2-, Early Breast Cancer With High Risk of Recurrence",RECRUITING,"Lismore Base Hospital - Cancer Care , Haematology Unit",RECRUITING,Lismore,New South Wales,Australia,2026-09-06
NCT06492616,"A Study of Elacestrant Versus Standard Endocrine Therapy in Women and Men With ER+,HER2-, Early Breast Cancer With High Risk of Recurrence",RECRUITING,Macquarie University,RECRUITING,Macquarie Park,New South Wales,Australia,2026-09-06
NCT06492616,"A Study of Elacestrant Versus Standard Endocrine Therapy in Women and Men With ER+,HER2-, Early Breast Cancer With High Risk of Recurrence",RECRUITING,Mater Hospital Sydney,RECRUITING,North Sydney,New South Wales,Australia,2026-09-06
NCT06492616,"A Study of Elacestrant Versus Standard Endocrine Therapy in Women and Men With ER+,HER2-, Early Breast Cancer With High Risk of Recurrence",RECRUITING,Westmead Hospital,RECRUITING,Westmead,New South Wales,Australia,2026-09-06
NCT06492616,"A Study of Elacestrant Versus Standard Endocrine Therapy in Women and Men With ER+,HER2-, Early Breast Cancer With High Risk of Recurrence",RECRUITING,Icon Cancer Centre Townsville,RECRUITING,Hyde Park,Queensland,Australia,2026-09-06
NCT06492616,"A Study of Elacestrant Versus Standard Endocrine Therapy in Women and Men With ER+,HER2-, Early Breast Cancer With High Risk of Recurrence",RECRUITING,Icon Cancer Centre Southport,RECRUITING,Southport,Queensland,Australia,2026-09-06
NCT06492616,"A Study of Elacestrant Versus Standard Endocrine Therapy in Women and Men With ER+,HER2-, Early Breast Cancer With High Risk of Recurrence",RECRUITING,Icon Cancer Centre Wesley,RECRUITING,Auchenflower,Quuensland,Australia,2026-09-06
NCT06492616,"A Study of Elacestrant Versus Standard Endocrine Therapy in Women and Men With ER+,HER2-, Early Breast Cancer With High Risk of Recurrence",RECRUITING,Cancer Research SA,RECRUITING,Adelaide,South Australia,Australia,2026-09-06
NCT06492616,"A Study of Elacestrant Versus Standard Endocrine Therapy in Women and Men With ER+,HER2-, Early Breast Cancer With High Risk of Recurrence",RECRUITING,Royal Adelaide Hospital - Oncology,RECRUITING,Adelaide,South Australia,Australia,2026-09-06
NCT06492616,"A Study of Elacestrant Versus Standard Endocrine Therapy in Women and Men With ER+,HER2-, Early Breast Cancer With High Risk of Recurrence",RECRUITING,Flinders Medical Centre,RECRUITING,Bedford Park,South Australia,Australia,2026-09-06
NCT06492616,"A Study of Elacestrant Versus Standard Endocrine Therapy in Women and Men With ER+,HER2-, Early Breast Cancer With High Risk of Recurrence",RECRUITING,Icon Cancer Centre Kurralta Park,RECRUITING,Kurralta Park,South Australia,Australia,2026-09-06
NCT06492616,"A Study of Elacestrant Versus Standard Endocrine Therapy in Women and Men With ER+,HER2-, Early Breast Cancer With High Risk of Recurrence",RECRUITING,The Queen Elizabeth Hospital,RECRUITING,Woodville,South Australia,Australia,2026-09-06
NCT06492616,"A Study of Elacestrant Versus Standard Endocrine Therapy in Women and Men With ER+,HER2-, Early Breast Cancer With High Risk of Recurrence",RECRUITING,Launceston General Hospital - Medical Oncology,RECRUITING,Launceston,Tasmania,Australia,2026-09-06
NCT06492616,"A Study of Elacestrant Versus Standard Endocrine Therapy in Women and Men With ER+,HER2-, Early Breast Cancer With High Risk of Recurrence",RECRUITING,Box Hill Hospital,RECRUITING,Box Hill,Victoria,Australia,2026-09-06
NCT06492616,"A Study of Elacestrant Versus Standard Endocrine Therapy in Women and Men With ER+,HER2-, Early Breast Cancer With High Risk of Recurrence",RECRUITING,Monash Medical Centre,RECRUITING,Clayton,Victoria,Australia,2026-09-06
NCT06492616,"A Study of Elacestrant Versus Standard Endocrine Therapy in Women and Men With ER+,HER2-, Early Breast Cancer With High Risk of Recurrence",RECRUITING,Northern Hospital,RECRUITING,Epping,Victoria,Australia,2026-09-06
NCT06492616,"A Study of Elacestrant Versus Standard Endocrine Therapy in Women and Men With ER+,HER2-, Early Breast Cancer With High Risk of Recurrence",RECRUITING,Maroondah Hospitals - Medical Oncology,RECRUITING,Melbourne,Victoria,Australia,2026-09-06
NCT06492616,"A Study of Elacestrant Versus Standard Endocrine Therapy in Women and Men With ER+,HER2-, Early Breast Cancer With High Risk of Recurrence",RECRUITING,Goulburn Valley Health,RECRUITING,Shepparton,Victoria,Australia,2026-09-06
NCT06492616,"A Study of Elacestrant Versus Standard Endocrine Therapy in Women and Men With ER+,HER2-, Early Breast Cancer With High Risk of Recurrence",RECRUITING,Breast Cancer Research Centre,RECRUITING,Nedlands,Western Australia,Australia,2026-09-06
NCT06492616,"A Study of Elacestrant Versus Standard Endocrine Therapy in Women and Men With ER+,HER2-, Early Breast Cancer With High Risk of Recurrence",RECRUITING,Austin Health,RECRUITING,Heidelberg,,Australia,2026-09-06
NCT06492616,"A Study of Elacestrant Versus Standard Endocrine Therapy in Women and Men With ER+,HER2-, Early Breast Cancer With High Risk of Recurrence",RECRUITING,Icon Cancer Centre Hobart,RECRUITING,Hobart,,Australia,2026-09-06
NCT06492616,"A Study of Elacestrant Versus Standard Endocrine Therapy in Women and Men With ER+,HER2-, Early Breast Cancer With High Risk of Recurrence",RECRUITING,Mid North Coast Cancer Institute,RECRUITING,Port Macquarie,,Australia,2026-09-06
NCT05696626,Evaluation of Lasofoxifene Combined With Abemaciclib Compared With Fulvestrant Combined With Abemaciclib in Locally Advanced or Metastatic ER+/HER2- Breast Cancer With an ESR1 Mutation,RECRUITING,Blacktown Hospital,RECRUITING,Blacktown,,Australia,2026-09-06
NCT05696626,Evaluation of Lasofoxifene Combined With Abemaciclib Compared With Fulvestrant Combined With Abemaciclib in Locally Advanced or Metastatic ER+/HER2- Breast Cancer With an ESR1 Mutation,RECRUITING,Concord Repatriation General Hospital,RECRUITING,Concord,,Australia,2026-09-06
NCT05696626,Evaluation of Lasofoxifene Combined With Abemaciclib Compared With Fulvestrant Combined With Abemaciclib in Locally Advanced or Metastatic ER+/HER2- Breast Cancer With an ESR1 Mutation,RECRUITING,"Mater Misericordiae Ltd, South Brisbane",RECRUITING,South Brisbane,,Australia,2026-09-06
NCT04947189,Seviteronel in Combination With Chemotherapy in Androgen-receptor Positive Metastatic Triple-negative Breast Cancer,RECRUITING,Kinghorn Cancer Centre,RECRUITING,Darlinghurst,New South Wales,Australia,2026-09-06
NCT06926075,Early Phase Study of KESONOTIDE™in Participants With Solid Tumours,RECRUITING,St George Private Hospital,RECRUITING,Kogarah,New South Wales,Australia,2026-09-06
NCT06926075,Early Phase Study of KESONOTIDE™in Participants With Solid Tumours,RECRUITING,South Western Sydney Local Health District,RECRUITING,Liverpool,New South Wales,Australia,2026-09-06
NCT06926075,Early Phase Study of KESONOTIDE™in Participants With Solid Tumours,RECRUITING,Southside Cancer Centre,RECRUITING,Miranda,New South Wales,Australia,2026-09-06
NCT06625775,Open-Label Study of BBO-10203 in Subjects With Advanced Solid Tumors,RECRUITING,Scientia Clinical Research,RECRUITING,Randwick,New South Wales,Australia,2026-09-06
NCT06625775,Open-Label Study of BBO-10203 in Subjects With Advanced Solid Tumors,RECRUITING,Peter MacCallum Cancer Centre,RECRUITING,Melbourne,Victoria,Australia,2026-09-06
NCT05706129,"A Study to Assess Safety, Tolerability and Imaging Characteristics of [68Ga]Ga-DPI-4452 and to Assess Safety, Tolerability, and Efficacy of [177Lu]Lu-DPI-4452 in Participants With Unresectable Locally Advanced or Metastatic Solid Tumors",RECRUITING,Peter MacCallum Cancer Centre,RECRUITING,Melbourne,,Australia,2026-09-06
NCT05706129,"A Study to Assess Safety, Tolerability and Imaging Characteristics of [68Ga]Ga-DPI-4452 and to Assess Safety, Tolerability, and Efficacy of [177Lu]Lu-DPI-4452 in Participants With Unresectable Locally Advanced or Metastatic Solid Tumors",RECRUITING,"UNSW Sydney, St Vincent's Hospital Sydney",RECRUITING,Sydney,,Australia,2026-09-06
NCT06966453,A Study of Disitamab Vedotin in Adults With HER2 Expressing Advanced Breast Cancer,RECRUITING,Blacktown Hospital,RECRUITING,Blacktown,New South Wales,Australia,2026-09-06
NCT06966453,A Study of Disitamab Vedotin in Adults With HER2 Expressing Advanced Breast Cancer,RECRUITING,Royal Brisbane and Women's Hospital,RECRUITING,Brisbane,Queensland,Australia,2026-09-06
NCT06966453,A Study of Disitamab Vedotin in Adults With HER2 Expressing Advanced Breast Cancer,RECRUITING,Western Health-Sunshine & Footscray Hospitals,RECRUITING,St Albans,Victoria,Australia,2026-09-06
NCT07623369,A First-in-Human Study of HH160 in Participants With Advanced or Metastatic Solid Tumors,RECRUITING,Calvary Mater Newcastle,RECRUITING,Waratah,New South Wales,Australia,2026-09-06
NCT07623369,A First-in-Human Study of HH160 in Participants With Advanced or Metastatic Solid Tumors,RECRUITING,Tasman Health Care,RECRUITING,Southport,Queensland,Australia,2026-09-06
NCT06242470,A Study of MGC026 in Participants With Advanced Solid Tumors,RECRUITING,ICON Cancer Centre Wesley,RECRUITING,Auchenflower,Queensland,Australia,2026-09-06
NCT06242470,A Study of MGC026 in Participants With Advanced Solid Tumors,RECRUITING,ICON Cancer Centre Kurralta Park,RECRUITING,Kurralta Park,South Australia,Australia,2026-09-06
NCT06242470,A Study of MGC026 in Participants With Advanced Solid Tumors,RECRUITING,Austin Health- Olivia Newton John Cancer Center,RECRUITING,Heidelberg,Victoria,Australia,2026-09-06
NCT05872295,IKS014 in Advanced Solid Tumors That Express HER2,RECRUITING,Concord Repatriation General Hospital Medical Oncology Clinical Trials Unit,RECRUITING,Concord,New South Wales,Australia,2026-09-06
NCT05872295,IKS014 in Advanced Solid Tumors That Express HER2,RECRUITING,Macquarie University,RECRUITING,Sydney,New South Wales,Australia,2026-09-06
NCT05872295,IKS014 in Advanced Solid Tumors That Express HER2,RECRUITING,Westmead Hospital,RECRUITING,Westmead,New South Wales,Australia,2026-09-06
NCT05872295,IKS014 in Advanced Solid Tumors That Express HER2,RECRUITING,Peninsula & South Eastern Haematology and Oncology Group (PSEHOG),RECRUITING,Frankston,Victoria,Australia,2026-09-06
NCT05872295,IKS014 in Advanced Solid Tumors That Express HER2,RECRUITING,Alfred Health,RECRUITING,Melbourne,Victoria,Australia,2026-09-06
NCT05872295,IKS014 in Advanced Solid Tumors That Express HER2,RECRUITING,Linear Clinical Research,RECRUITING,Nedlands,Western Australia,Australia,2026-09-06
NCT05872295,IKS014 in Advanced Solid Tumors That Express HER2,RECRUITING,Auckland City Hospital,RECRUITING,Auckland,,New Zealand,2026-09-06
NCT06172478,A Study of HER3-DXd in Subjects With Locally Advanced or Metastatic Solid Tumors,RECRUITING,Chris O'Brien Lifehouse,RECRUITING,Camperdown,,Australia,2026-09-06
NCT06172478,A Study of HER3-DXd in Subjects With Locally Advanced or Metastatic Solid Tumors,RECRUITING,Icon Cancer Centre Chermside,RECRUITING,Chermside,,Australia,2026-09-06
NCT06172478,A Study of HER3-DXd in Subjects With Locally Advanced or Metastatic Solid Tumors,RECRUITING,Monash Medical Centre Clayton,RECRUITING,Clayton,,Australia,2026-09-06
NCT06172478,A Study of HER3-DXd in Subjects With Locally Advanced or Metastatic Solid Tumors,RECRUITING,Icon Cancer Centre Hobart,RECRUITING,Hobart,,Australia,2026-09-06
NCT06172478,A Study of HER3-DXd in Subjects With Locally Advanced or Metastatic Solid Tumors,RECRUITING,Icon Cancer Centre Townsville,RECRUITING,Hyde Park,,Australia,2026-09-06
NCT06756932,BGB-21447 (Bcl-2 Inhibitor) Combinations for Adults With Hormone-Receptor Positive (HR+)/Human Epidermal Growth Factor Receptor 2 Negative (HER2-) Metastatic Breast Cancer,RECRUITING,Saint Vincents Hospital Sydney,RECRUITING,Darlinghurst,New South Wales,Australia,2026-09-06
NCT06756932,BGB-21447 (Bcl-2 Inhibitor) Combinations for Adults With Hormone-Receptor Positive (HR+)/Human Epidermal Growth Factor Receptor 2 Negative (HER2-) Metastatic Breast Cancer,RECRUITING,Calvary Mater Newcastle,RECRUITING,Waratah,New South Wales,Australia,2026-09-06
NCT06756932,BGB-21447 (Bcl-2 Inhibitor) Combinations for Adults With Hormone-Receptor Positive (HR+)/Human Epidermal Growth Factor Receptor 2 Negative (HER2-) Metastatic Breast Cancer,RECRUITING,Sunshine Coast University Private Hospital,RECRUITING,Birtinya,Queensland,Australia,2026-09-06
NCT06756932,BGB-21447 (Bcl-2 Inhibitor) Combinations for Adults With Hormone-Receptor Positive (HR+)/Human Epidermal Growth Factor Receptor 2 Negative (HER2-) Metastatic Breast Cancer,RECRUITING,Peter Maccallum Cancer Centre,RECRUITING,Melbourne,Victoria,Australia,2026-09-06
NCT06756932,BGB-21447 (Bcl-2 Inhibitor) Combinations for Adults With Hormone-Receptor Positive (HR+)/Human Epidermal Growth Factor Receptor 2 Negative (HER2-) Metastatic Breast Cancer,RECRUITING,Western Health Sunshine Hospital,RECRUITING,St Albans,Victoria,Australia,2026-09-06
NCT06756932,BGB-21447 (Bcl-2 Inhibitor) Combinations for Adults With Hormone-Receptor Positive (HR+)/Human Epidermal Growth Factor Receptor 2 Negative (HER2-) Metastatic Breast Cancer,RECRUITING,Linear Clinical Research,RECRUITING,Nedlands,Western Australia,Australia,2026-09-06
NCT06445738,Post-operative Radiotherapy Omission in Selected Patients With Early Breast Cancer Trial International VErsion (PROSPECTIVE),RECRUITING,The Chris O'Brien Lifehouse,NOT_YET_RECRUITING,Camperdown,New South Wales,Australia,2026-09-06
NCT06445738,Post-operative Radiotherapy Omission in Selected Patients With Early Breast Cancer Trial International VErsion (PROSPECTIVE),RECRUITING,Lake Macquarie Private Hospital,NOT_YET_RECRUITING,Gateshead,New South Wales,Australia,2026-09-06
NCT06445738,Post-operative Radiotherapy Omission in Selected Patients With Early Breast Cancer Trial International VErsion (PROSPECTIVE),RECRUITING,"Mater Hospital, Sydney",RECRUITING,North Sydney,New South Wales,Australia,2026-09-06
NCT06445738,Post-operative Radiotherapy Omission in Selected Patients With Early Breast Cancer Trial International VErsion (PROSPECTIVE),RECRUITING,Westmead Hospital,NOT_YET_RECRUITING,Westmead,New South Wales,Australia,2026-09-06
NCT06445738,Post-operative Radiotherapy Omission in Selected Patients With Early Breast Cancer Trial International VErsion (PROSPECTIVE),RECRUITING,Royal Adelaide Hospital,NOT_YET_RECRUITING,Adelaide,South Australia,Australia,2026-09-06
NCT06445738,Post-operative Radiotherapy Omission in Selected Patients With Early Breast Cancer Trial International VErsion (PROSPECTIVE),RECRUITING,Monash Cancer Centre (MMC Moorabbin),RECRUITING,Clayton,Victoria,Australia,2026-09-06
NCT06445738,Post-operative Radiotherapy Omission in Selected Patients With Early Breast Cancer Trial International VErsion (PROSPECTIVE),RECRUITING,The Royal Melbourne Hospital,RECRUITING,Melbourne,Victoria,Australia,2026-09-06
NCT05646862,"A Study Evaluating the Efficacy and Safety of Inavolisib Plus Fulvestrant Compared With Alpelisib Plus Fulvestrant in Participants With HR-Positive, HER2-Negative, PIK3CA Mutated, Locally Advanced or Metastatic Breast Cancer Post CDK4/6i and Endocrine Combination Therapy",RECRUITING,New Zealand Clinical Research - Auckland,RECRUITING,Auckland,,New Zealand,2026-09-06
NCT07660055,Study of [177Lu]Lu-DWJ155 and [68Ga]Ga-DWJ155 in Patients With Solid Tumors,RECRUITING,Novartis Investigative Site,RECRUITING,Darlinghurst,New South Wales,Australia,2026-09-06
NCT06618287,"A Study to Evaluate the Safety, Tolerability, Drug Levels, and Preliminary Efficacy of BMS-986507 Combinations in Adult Participants With Advanced Solid Tumors",RECRUITING,Liverpool Hospital,RECRUITING,Liverpool,New South Wales,Australia,2026-09-06
NCT06618287,"A Study to Evaluate the Safety, Tolerability, Drug Levels, and Preliminary Efficacy of BMS-986507 Combinations in Adult Participants With Advanced Solid Tumors",RECRUITING,Princess Alexandra Hospital,RECRUITING,Woolloongabba,Queensland,Australia,2026-09-06
NCT06618287,"A Study to Evaluate the Safety, Tolerability, Drug Levels, and Preliminary Efficacy of BMS-986507 Combinations in Adult Participants With Advanced Solid Tumors",RECRUITING,Peter MacCallum Cancer Centre,RECRUITING,Melbourne,Victoria,Australia,2026-09-06
NCT06618287,"A Study to Evaluate the Safety, Tolerability, Drug Levels, and Preliminary Efficacy of BMS-986507 Combinations in Adult Participants With Advanced Solid Tumors",RECRUITING,Local Institution - 0101,NOT_YET_RECRUITING,Subiaco,Western Australia,Australia,2026-09-06
NCT06330064,A Study to Evaluate the Efficacy and Safety of Ifinatamab Deruxtecan (I-DXd) in Subjects With Recurrent or Metastatic Solid Tumors (IDeate-PanTumor02),RECRUITING,Blacktown Hospital,RECRUITING,Blacktown,New South Wales,Australia,2026-09-06
NCT06330064,A Study to Evaluate the Efficacy and Safety of Ifinatamab Deruxtecan (I-DXd) in Subjects With Recurrent or Metastatic Solid Tumors (IDeate-PanTumor02),RECRUITING,St Vincent'S Hospital Sydney,RECRUITING,Mount Kuring-Gai,New South Wales,Australia,2026-09-06
NCT06330064,A Study to Evaluate the Efficacy and Safety of Ifinatamab Deruxtecan (I-DXd) in Subjects With Recurrent or Metastatic Solid Tumors (IDeate-PanTumor02),RECRUITING,Genesiscare North Shore Oncology,RECRUITING,St Leonards,New South Wales,Australia,2026-09-06
NCT06330064,A Study to Evaluate the Efficacy and Safety of Ifinatamab Deruxtecan (I-DXd) in Subjects With Recurrent or Metastatic Solid Tumors (IDeate-PanTumor02),RECRUITING,Princess Alexandra Hospital,RECRUITING,Woolloongabba,Queensland,Australia,2026-09-06
NCT06330064,A Study to Evaluate the Efficacy and Safety of Ifinatamab Deruxtecan (I-DXd) in Subjects With Recurrent or Metastatic Solid Tumors (IDeate-PanTumor02),RECRUITING,St John of God Subiaco Hospital,RECRUITING,Subiaco,Western Australia,Australia,2026-09-06
NCT07100106,"A Study to Evaluate the Effect of GDC-4198 Alone and in Combination With Giredestrant Versus Abemaciclib and Giredestrant in Participants With Locally Advanced or Metastatic Estrogen Receptor-Positive (ER+), Human Epidermal Growth Factor Receptor-Negative (HER2-) Breast Cancer",RECRUITING,St Vincent's Hospital Sydney,RECRUITING,Darlinghurst,New South Wales,Australia,2026-09-06
NCT07100106,"A Study to Evaluate the Effect of GDC-4198 Alone and in Combination With Giredestrant Versus Abemaciclib and Giredestrant in Participants With Locally Advanced or Metastatic Estrogen Receptor-Positive (ER+), Human Epidermal Growth Factor Receptor-Negative (HER2-) Breast Cancer",RECRUITING,Cancer Research SA,RECRUITING,Adelaide,South Australia,Australia,2026-09-06
NCT06249048,Phase 1/2 Study of Intratumoral Injection of STX-001 in Advanced Solid Tumors as Monotherapy or in Combination With Pembrolizumab,RECRUITING,Melanoma Institute Australia,RECRUITING,Wollstonecraft,,Australia,2026-09-06
NCT05123482,"A Phase I/IIa Study of AZD8205 Given Alone or Combined, in Participants With Advanced/Metastatic Solid Malignancies",RECRUITING,Research Site,RECRUITING,Melbourne,,Australia,2026-09-06
NCT05633654,Study of Sacituzumab Govitecan-hziy and Pembrolizumab Versus Treatment of Physician's Choice in Patients With Triple Negative Breast Cancer Who Have Residual Invasive Disease After Surgery and Neoadjuvant Therapy (ASCENT-05/AFT-65 OptimICE-RD/GBG 119/NSABP B-63),RECRUITING,"Macarthur Cancer Therapy Centre, Campbelltown Hospital",RECRUITING,Campbelltown,New South Wales,Australia,2026-09-06
NCT05633654,Study of Sacituzumab Govitecan-hziy and Pembrolizumab Versus Treatment of Physician's Choice in Patients With Triple Negative Breast Cancer Who Have Residual Invasive Disease After Surgery and Neoadjuvant Therapy (ASCENT-05/AFT-65 OptimICE-RD/GBG 119/NSABP B-63),RECRUITING,Kinghorn Cancer Centre,RECRUITING,Darlinghurst,New South Wales,Australia,2026-09-06
NCT05633654,Study of Sacituzumab Govitecan-hziy and Pembrolizumab Versus Treatment of Physician's Choice in Patients With Triple Negative Breast Cancer Who Have Residual Invasive Disease After Surgery and Neoadjuvant Therapy (ASCENT-05/AFT-65 OptimICE-RD/GBG 119/NSABP B-63),RECRUITING,Lake Macquarie Private Hospital,RECRUITING,Gateshead,New South Wales,Australia,2026-09-06
NCT05633654,Study of Sacituzumab Govitecan-hziy and Pembrolizumab Versus Treatment of Physician's Choice in Patients With Triple Negative Breast Cancer Who Have Residual Invasive Disease After Surgery and Neoadjuvant Therapy (ASCENT-05/AFT-65 OptimICE-RD/GBG 119/NSABP B-63),RECRUITING,Port Macquarie Base Hospital,RECRUITING,Port Macquarie,New South Wales,Australia,2026-09-06
NCT05633654,Study of Sacituzumab Govitecan-hziy and Pembrolizumab Versus Treatment of Physician's Choice in Patients With Triple Negative Breast Cancer Who Have Residual Invasive Disease After Surgery and Neoadjuvant Therapy (ASCENT-05/AFT-65 OptimICE-RD/GBG 119/NSABP B-63),RECRUITING,Cairns Hospital,RECRUITING,Cairns,Queensland,Australia,2026-09-06
NCT05633654,Study of Sacituzumab Govitecan-hziy and Pembrolizumab Versus Treatment of Physician's Choice in Patients With Triple Negative Breast Cancer Who Have Residual Invasive Disease After Surgery and Neoadjuvant Therapy (ASCENT-05/AFT-65 OptimICE-RD/GBG 119/NSABP B-63),RECRUITING,Princess Alexandra Hospital,RECRUITING,Woolloongabba,Queensland,Australia,2026-09-06
NCT05633654,Study of Sacituzumab Govitecan-hziy and Pembrolizumab Versus Treatment of Physician's Choice in Patients With Triple Negative Breast Cancer Who Have Residual Invasive Disease After Surgery and Neoadjuvant Therapy (ASCENT-05/AFT-65 OptimICE-RD/GBG 119/NSABP B-63),RECRUITING,Cancer Research SA,RECRUITING,Adelaide,South Australia,Australia,2026-09-06
NCT05633654,Study of Sacituzumab Govitecan-hziy and Pembrolizumab Versus Treatment of Physician's Choice in Patients With Triple Negative Breast Cancer Who Have Residual Invasive Disease After Surgery and Neoadjuvant Therapy (ASCENT-05/AFT-65 OptimICE-RD/GBG 119/NSABP B-63),RECRUITING,Bendigo Health,RECRUITING,Bendigo,Victoria,Australia,2026-09-06
NCT05633654,Study of Sacituzumab Govitecan-hziy and Pembrolizumab Versus Treatment of Physician's Choice in Patients With Triple Negative Breast Cancer Who Have Residual Invasive Disease After Surgery and Neoadjuvant Therapy (ASCENT-05/AFT-65 OptimICE-RD/GBG 119/NSABP B-63),RECRUITING,Monash Medical Centre,RECRUITING,Clayton,Victoria,Australia,2026-09-06
NCT05633654,Study of Sacituzumab Govitecan-hziy and Pembrolizumab Versus Treatment of Physician's Choice in Patients With Triple Negative Breast Cancer Who Have Residual Invasive Disease After Surgery and Neoadjuvant Therapy (ASCENT-05/AFT-65 OptimICE-RD/GBG 119/NSABP B-63),RECRUITING,Fiona Stanley Hospital,RECRUITING,Murdoch,Western Australia,Australia,2026-09-06
NCT04606446,Study of PF-07248144 in Advanced or Metastatic Solid Tumors,RECRUITING,Cancer Research South Australia,RECRUITING,Adelaide,South Australia,Australia,2026-09-06
NCT04606446,Study of PF-07248144 in Advanced or Metastatic Solid Tumors,RECRUITING,Peter MacCallum Cancer Centre,RECRUITING,Melbourne,Victoria,Australia,2026-09-06
NCT04606446,Study of PF-07248144 in Advanced or Metastatic Solid Tumors,RECRUITING,Royal Melbourne Hospital,RECRUITING,Parkville,Victoria,Australia,2026-09-06
NCT04606446,Study of PF-07248144 in Advanced or Metastatic Solid Tumors,RECRUITING,Western Health-Sunshine & Footscray Hospitals,RECRUITING,St Albans,Victoria,Australia,2026-09-06
NCT04606446,Study of PF-07248144 in Advanced or Metastatic Solid Tumors,RECRUITING,St. John of God Subiaco Hospital,RECRUITING,Subiaco,Western Australia,Australia,2026-09-06
NCT07072728,Psilocybin-Assisted Psychotherapy in Cancer Patients With Adjustment Disorder,RECRUITING,Mind Medicine Australia Clinic,RECRUITING,Abbotsford,Victoria,Australia,2026-09-06
NCT07072728,Psilocybin-Assisted Psychotherapy in Cancer Patients With Adjustment Disorder,RECRUITING,Paratus Clinical Research Melbourne,RECRUITING,Northcote,Victoria,Australia,2026-09-06
NCT07072728,Psilocybin-Assisted Psychotherapy in Cancer Patients With Adjustment Disorder,RECRUITING,Empax Centre,RECRUITING,Leederville,Western Australia,Australia,2026-09-06
NCT07369505,Sapu003 in Advanced mTOR-sensitive Solid Tumors,RECRUITING,SOCRU,RECRUITING,Adelaide,,Australia,2026-09-06
NCT07358377,"A Trial of HRS-6209-205 to Evaluate the Safety, Tolerability, Pharmacokinetics and Efficacy of HRS-6209 in Combination Therapy in Subjects With HR-Positive/HER2-Negative Cancer",RECRUITING,Southern Highlands Private Hospital,RECRUITING,Bowral,New South Wales,Australia,2026-09-06
NCT07358377,"A Trial of HRS-6209-205 to Evaluate the Safety, Tolerability, Pharmacokinetics and Efficacy of HRS-6209 in Combination Therapy in Subjects With HR-Positive/HER2-Negative Cancer",RECRUITING,GenesisCare St Leonards,RECRUITING,Sydney,New South Wales,Australia,2026-09-06
NCT07358377,"A Trial of HRS-6209-205 to Evaluate the Safety, Tolerability, Pharmacokinetics and Efficacy of HRS-6209 in Combination Therapy in Subjects With HR-Positive/HER2-Negative Cancer",RECRUITING,GenesisCare Frenchs Forest,RECRUITING,Sydney,New South Wales,Australia,2026-09-06
NCT07358377,"A Trial of HRS-6209-205 to Evaluate the Safety, Tolerability, Pharmacokinetics and Efficacy of HRS-6209 in Combination Therapy in Subjects With HR-Positive/HER2-Negative Cancer",RECRUITING,Lyell McEwin Hospital,RECRUITING,Elizabeth Vale,South Australia,Australia,2026-09-06
NCT07358377,"A Trial of HRS-6209-205 to Evaluate the Safety, Tolerability, Pharmacokinetics and Efficacy of HRS-6209 in Combination Therapy in Subjects With HR-Positive/HER2-Negative Cancer",RECRUITING,Ballarat Base Hospital,RECRUITING,Ballarat,Victoria,Australia,2026-09-06
NCT07358377,"A Trial of HRS-6209-205 to Evaluate the Safety, Tolerability, Pharmacokinetics and Efficacy of HRS-6209 in Combination Therapy in Subjects With HR-Positive/HER2-Negative Cancer",RECRUITING,Frankston Hospital,RECRUITING,Frankston,Victoria,Australia,2026-09-06
NCT06841354,"A Study of Sacituzumab Tirumotecan (Sac-TMT, MK-2870) as Monotherapy and in Combination With Pembrolizumab (MK-3475) in Participants With Triple-Negative Breast Cancer (MK-2870-011/TroFuse-011)",RECRUITING,Blacktown Hospital ( Site 5500),RECRUITING,Blacktown,New South Wales,Australia,2026-09-06
NCT06841354,"A Study of Sacituzumab Tirumotecan (Sac-TMT, MK-2870) as Monotherapy and in Combination With Pembrolizumab (MK-3475) in Participants With Triple-Negative Breast Cancer (MK-2870-011/TroFuse-011)",RECRUITING,Peninsula Health Frankston Hospital ( Site 5501),RECRUITING,Frankston,Victoria,Australia,2026-09-06
NCT06841354,"A Study of Sacituzumab Tirumotecan (Sac-TMT, MK-2870) as Monotherapy and in Combination With Pembrolizumab (MK-3475) in Participants With Triple-Negative Breast Cancer (MK-2870-011/TroFuse-011)",RECRUITING,Harbour Cancer & Wellness ( Site 5600),RECRUITING,Newmarket,Auckland,New Zealand,2026-09-06
NCT06841354,"A Study of Sacituzumab Tirumotecan (Sac-TMT, MK-2870) as Monotherapy and in Combination With Pembrolizumab (MK-3475) in Participants With Triple-Negative Breast Cancer (MK-2870-011/TroFuse-011)",RECRUITING,Bowen Icon Cancer Centre ( Site 5601),RECRUITING,Crofton Downs,Wellington Region,New Zealand,2026-09-06
NCT05307705,A Study of LOXO-783 in Patients With Breast Cancer/Other Solid Tumors,RECRUITING,Cancer Research SA,NOT_YET_RECRUITING,Adelaide,,Australia,2026-09-06
NCT05307705,A Study of LOXO-783 in Patients With Breast Cancer/Other Solid Tumors,RECRUITING,Peter Maccallum Cancer Institute Erb,NOT_YET_RECRUITING,East Melbourne,,Australia,2026-09-06
NCT05307705,A Study of LOXO-783 in Patients With Breast Cancer/Other Solid Tumors,RECRUITING,St Vincent's Hospital,NOT_YET_RECRUITING,Sydney,,Australia,2026-09-06
NCT06022029,A Dose Escalation and Dose Expansion Study of Intratumoral ONM-501 Alone and in Combination With Cemiplimab in Patients With Advanced Solid Tumors and Lymphomas.,RECRUITING,St Vincent's Hospital,RECRUITING,Darlinghurst,New South Wales,Australia,2026-09-06
NCT06022029,A Dose Escalation and Dose Expansion Study of Intratumoral ONM-501 Alone and in Combination With Cemiplimab in Patients With Advanced Solid Tumors and Lymphomas.,RECRUITING,Cancer Care Wollongong,RECRUITING,Wollongong,New South Wales,Australia,2026-09-06
NCT06022029,A Dose Escalation and Dose Expansion Study of Intratumoral ONM-501 Alone and in Combination With Cemiplimab in Patients With Advanced Solid Tumors and Lymphomas.,RECRUITING,University of the Sunshine Coast Clinical Trials,RECRUITING,Buderim,Queensland,Australia,2026-09-06
NCT06022029,A Dose Escalation and Dose Expansion Study of Intratumoral ONM-501 Alone and in Combination With Cemiplimab in Patients With Advanced Solid Tumors and Lymphomas.,RECRUITING,Tasman Oncology Research,RECRUITING,Southport,Queensland,Australia,2026-09-06
NCT06022029,A Dose Escalation and Dose Expansion Study of Intratumoral ONM-501 Alone and in Combination With Cemiplimab in Patients With Advanced Solid Tumors and Lymphomas.,RECRUITING,Princess Alexandra Hospital | Metro South Health,RECRUITING,Woolloongabba,Queensland,Australia,2026-09-06
NCT06757634,"Phase 3 Study of Gedatolisib as First-Line Treatment for Patients With HR-Positive, HER2-Negative Advanced Breast Cancer (VIKTORIA-2)",RECRUITING,GenesisCare - St Andrews,RECRUITING,Adelaide,,Australia,2026-09-06
NCT06757634,"Phase 3 Study of Gedatolisib as First-Line Treatment for Patients With HR-Positive, HER2-Negative Advanced Breast Cancer (VIKTORIA-2)",RECRUITING,Breast Cancer Research Centre,RECRUITING,Nedlands,,Australia,2026-09-06
NCT06757634,"Phase 3 Study of Gedatolisib as First-Line Treatment for Patients With HR-Positive, HER2-Negative Advanced Breast Cancer (VIKTORIA-2)",RECRUITING,Icon Cancer Centre Southport,RECRUITING,Southport,,Australia,2026-09-06
NCT06757634,"Phase 3 Study of Gedatolisib as First-Line Treatment for Patients With HR-Positive, HER2-Negative Advanced Breast Cancer (VIKTORIA-2)",RECRUITING,Sydney Adventist Hospital,RECRUITING,Wahroonga,,Australia,2026-09-06
NCT06757634,"Phase 3 Study of Gedatolisib as First-Line Treatment for Patients With HR-Positive, HER2-Negative Advanced Breast Cancer (VIKTORIA-2)",RECRUITING,Westmead Hospital,RECRUITING,Westmead,,Australia,2026-09-06
NCT06757634,"Phase 3 Study of Gedatolisib as First-Line Treatment for Patients With HR-Positive, HER2-Negative Advanced Breast Cancer (VIKTORIA-2)",RECRUITING,The Queen Elizabeth Hospital,RECRUITING,Woodville,,Australia,2026-09-06
NCT04889924,ALND vs ART in Positive Sentinel Node After Neoadjuvant Therapy in Breast Cancer,RECRUITING,GenesisCare Mater,RECRUITING,Sydney,New South Wales,Australia,2026-09-06
NCT04889924,ALND vs ART in Positive Sentinel Node After Neoadjuvant Therapy in Breast Cancer,RECRUITING,GenesisCare North Shore,RECRUITING,Sydney,New South Wales,Australia,2026-09-06
NCT04889924,ALND vs ART in Positive Sentinel Node After Neoadjuvant Therapy in Breast Cancer,RECRUITING,GenesisCare Frenchs Forest,RECRUITING,Sydney,New South Wales,Australia,2026-09-06
NCT04889924,ALND vs ART in Positive Sentinel Node After Neoadjuvant Therapy in Breast Cancer,RECRUITING,GenesisCare Norwest,RECRUITING,Sydney,New South Wales,Australia,2026-09-06
NCT04889924,ALND vs ART in Positive Sentinel Node After Neoadjuvant Therapy in Breast Cancer,RECRUITING,GenesisCare Hurstville,RECRUITING,Sydney,New South Wales,Australia,2026-09-06
NCT04889924,ALND vs ART in Positive Sentinel Node After Neoadjuvant Therapy in Breast Cancer,RECRUITING,GenesisCare Campbelltown,RECRUITING,Sydney,New South Wales,Australia,2026-09-06
NCT06305962,177Lu-anti-PD-L1 sdAb in Metastatic Solid Tumors,RECRUITING,Nepean Hospital,RECRUITING,Kingswood,New South Wales,Australia,2026-09-06
NCT06305962,177Lu-anti-PD-L1 sdAb in Metastatic Solid Tumors,RECRUITING,Wollongong Hospital,RECRUITING,Wollongong,New South Wales,Australia,2026-09-06
NCT06305962,177Lu-anti-PD-L1 sdAb in Metastatic Solid Tumors,RECRUITING,Gold Coast University Hospital,RECRUITING,Southport,Queensland,Australia,2026-09-06
NCT06305962,177Lu-anti-PD-L1 sdAb in Metastatic Solid Tumors,RECRUITING,Cancer Research SA (CRSA),RECRUITING,Adelaide,South Australia,Australia,2026-09-06
NCT06305962,177Lu-anti-PD-L1 sdAb in Metastatic Solid Tumors,RECRUITING,GenesisCare Murdoch,RECRUITING,Murdoch,Western Australia,Australia,2026-09-06
NCT06188520,"A First-in-human Dose Escalation and Expansion Study to Evaluate the Safety, and Tolerability of AZD8421 Alone or in Combination in Participants With Selected Advanced or Metastatic Solid Tumors",RECRUITING,Research Site,RECRUITING,East Melbourne,,Australia,2026-09-06
NCT06065748,"A Study to Evaluate Efficacy and Safety of Giredestrant Compared With Fulvestrant (Plus a CDK4/6 Inhibitor), in Participants With ER-Positive, HER2-Negative Advanced Breast Cancer Resistant to Adjuvant Endocrine Therapy (pionERA Breast Cancer)",RECRUITING,Cancer Research SA,RECRUITING,Adelaide,South Australia,Australia,2026-09-06
NCT06065748,"A Study to Evaluate Efficacy and Safety of Giredestrant Compared With Fulvestrant (Plus a CDK4/6 Inhibitor), in Participants With ER-Positive, HER2-Negative Advanced Breast Cancer Resistant to Adjuvant Endocrine Therapy (pionERA Breast Cancer)",RECRUITING,Christchurch Hospital,RECRUITING,Christchurch,,New Zealand,2026-09-06
NCT06065748,"A Study to Evaluate Efficacy and Safety of Giredestrant Compared With Fulvestrant (Plus a CDK4/6 Inhibitor), in Participants With ER-Positive, HER2-Negative Advanced Breast Cancer Resistant to Adjuvant Endocrine Therapy (pionERA Breast Cancer)",RECRUITING,Palmerston North Hospital,RECRUITING,Palmerston North,,New Zealand,2026-09-06
NCT07341737,SL-28 for Advanced Solid Tumours,RECRUITING,The Southern Oncology Clinical Research Unit (SOCRU),RECRUITING,Adelaide,South Australia,Australia,2026-09-06
NCT06827236,"A Clinical Study to Find the Optimal Dose of an Investigational Treatment Called BNT323 When Used in Combination With Another Investigational Treatment, BNT327, and to Test if That Combination Treatment is Safe and Beneficial for Patients With Advanced Breast Cancer",RECRUITING,Cancer Research SA,RECRUITING,Adelaide,,Australia,2026-09-06
NCT06827236,"A Clinical Study to Find the Optimal Dose of an Investigational Treatment Called BNT323 When Used in Combination With Another Investigational Treatment, BNT327, and to Test if That Combination Treatment is Safe and Beneficial for Patients With Advanced Breast Cancer",RECRUITING,Box Hill Hospital,RECRUITING,Box Hill,,Australia,2026-09-06
NCT06827236,"A Clinical Study to Find the Optimal Dose of an Investigational Treatment Called BNT323 When Used in Combination With Another Investigational Treatment, BNT327, and to Test if That Combination Treatment is Safe and Beneficial for Patients With Advanced Breast Cancer",RECRUITING,St Vincent s Hospital Melbourne,RECRUITING,Fitzroy,,Australia,2026-09-06
NCT07173751,ROSETTA Breast-01: The Effects and Safety of Pumitamig in Patients With Triple-Negative Breast Cancer,RECRUITING,St Vincent's Hospital - The Kinghorn Cancer Centre,RECRUITING,Darlinghurst,New South Wales,Australia,2026-09-06
NCT07173751,ROSETTA Breast-01: The Effects and Safety of Pumitamig in Patients With Triple-Negative Breast Cancer,RECRUITING,GenesisCare St Andrew's Precinct,RECRUITING,Adelaide,South Australia,Australia,2026-09-06
NCT07173751,ROSETTA Breast-01: The Effects and Safety of Pumitamig in Patients With Triple-Negative Breast Cancer,RECRUITING,Peninsula & South Eastern Hematology and Oncology Group,RECRUITING,Frankston,Victoria,Australia,2026-09-06
NCT07173751,ROSETTA Breast-01: The Effects and Safety of Pumitamig in Patients With Triple-Negative Breast Cancer,RECRUITING,Peter MacCallum Cancer Centre,RECRUITING,Melbourne,Victoria,Australia,2026-09-06
NCT07173751,ROSETTA Breast-01: The Effects and Safety of Pumitamig in Patients With Triple-Negative Breast Cancer,RECRUITING,Monash University - Monash Medical Centre (MMC) - Clayton,RECRUITING,Melbourne,Victoria,Australia,2026-09-06
NCT07173751,ROSETTA Breast-01: The Effects and Safety of Pumitamig in Patients With Triple-Negative Breast Cancer,RECRUITING,Westmead Hospital,RECRUITING,Westmead,,Australia,2026-09-06
NCT06465069,A Study of LY4052031 in Participants With Advanced or Metastatic Urothelial Cancer or Other Solid Tumors,RECRUITING,St Vincent's Hospital,RECRUITING,Darlinghurst,,Australia,2026-09-06
NCT06465069,A Study of LY4052031 in Participants With Advanced or Metastatic Urothelial Cancer or Other Solid Tumors,RECRUITING,Linear Clinical Research,RECRUITING,Nedlands,,Australia,2026-09-06
NCT06907043,"A Study of PARP1 Selective Inhibitor, EIK1004 (IMP1707) in Participants With Advanced Solid Tumors.",RECRUITING,PASO Medical,RECRUITING,Frankston,Victoria,Australia,2026-09-06
NCT06966700,"A Clinical Study of Sacituzumab Tirumotecan (Sac-TMT, MK-2870) in People With Breast Cancer (MK-2870-032)",RECRUITING,Chris O'Brien Lifehouse ( Site 1206),RECRUITING,Camperdown,New South Wales,Australia,2026-09-06
NCT06966700,"A Clinical Study of Sacituzumab Tirumotecan (Sac-TMT, MK-2870) in People With Breast Cancer (MK-2870-032)",RECRUITING,Macquarie University ( Site 1203),RECRUITING,North Ryde,New South Wales,Australia,2026-09-06
NCT06966700,"A Clinical Study of Sacituzumab Tirumotecan (Sac-TMT, MK-2870) in People With Breast Cancer (MK-2870-032)",RECRUITING,Westmead Hospital ( Site 1200),RECRUITING,Westmead,New South Wales,Australia,2026-09-06
NCT06966700,"A Clinical Study of Sacituzumab Tirumotecan (Sac-TMT, MK-2870) in People With Breast Cancer (MK-2870-032)",RECRUITING,Monash Health ( Site 1201),RECRUITING,Clayton,Victoria,Australia,2026-09-06
NCT06966700,"A Clinical Study of Sacituzumab Tirumotecan (Sac-TMT, MK-2870) in People With Breast Cancer (MK-2870-032)",RECRUITING,Bowen Icon Cancer Centre ( Site 1001),RECRUITING,Crofton Downs,Wellington Region,New Zealand,2026-09-06
NCT06966700,"A Clinical Study of Sacituzumab Tirumotecan (Sac-TMT, MK-2870) in People With Breast Cancer (MK-2870-032)",RECRUITING,Auckland City Hospital ( Site 1000),RECRUITING,Auckland,,New Zealand,2026-09-06
NCT05072314,Long-term Outcomes of Lidocaine Infusions for Post-Operative Pain (LOLIPOP) Trial,RECRUITING,Nepean Hospital,RECRUITING,Kingswood,New South Wales,Australia,2026-09-06
NCT05072314,Long-term Outcomes of Lidocaine Infusions for Post-Operative Pain (LOLIPOP) Trial,RECRUITING,Blacktown Mount Druitt Hospital,RECRUITING,Mount Druitt,New South Wales,Australia,2026-09-06
NCT05072314,Long-term Outcomes of Lidocaine Infusions for Post-Operative Pain (LOLIPOP) Trial,RECRUITING,Royal North Shore Hospital,RECRUITING,Sydney,New South Wales,Australia,2026-09-06
NCT05072314,Long-term Outcomes of Lidocaine Infusions for Post-Operative Pain (LOLIPOP) Trial,RECRUITING,Westmead Hospital,RECRUITING,Sydney,New South Wales,Australia,2026-09-06
NCT05072314,Long-term Outcomes of Lidocaine Infusions for Post-Operative Pain (LOLIPOP) Trial,RECRUITING,St George Hospital,RECRUITING,Sydney,New South Wales,Australia,2026-09-06
NCT05072314,Long-term Outcomes of Lidocaine Infusions for Post-Operative Pain (LOLIPOP) Trial,RECRUITING,Queen Elizabeth II Jubilee Hospital,RECRUITING,Coopers Plains,Queensland,Australia,2026-09-06
NCT05072314,Long-term Outcomes of Lidocaine Infusions for Post-Operative Pain (LOLIPOP) Trial,RECRUITING,Mackay Base Hospital,RECRUITING,Mackay,Queensland,Australia,2026-09-06
NCT05072314,Long-term Outcomes of Lidocaine Infusions for Post-Operative Pain (LOLIPOP) Trial,RECRUITING,Princess Alexandra Hospital,RECRUITING,Woolloongabba,Queensland,Australia,2026-09-06
NCT05072314,Long-term Outcomes of Lidocaine Infusions for Post-Operative Pain (LOLIPOP) Trial,RECRUITING,Flinders Medical Centre,RECRUITING,Bedford Park,South Australia,Australia,2026-09-06
NCT05072314,Long-term Outcomes of Lidocaine Infusions for Post-Operative Pain (LOLIPOP) Trial,RECRUITING,Royal Hobart Hospital,RECRUITING,Hobart,Tasmania,Australia,2026-09-06
NCT05072314,Long-term Outcomes of Lidocaine Infusions for Post-Operative Pain (LOLIPOP) Trial,RECRUITING,Ballarat Health Services (Grampians Health),RECRUITING,Ballarat,Victoria,Australia,2026-09-06
NCT05072314,Long-term Outcomes of Lidocaine Infusions for Post-Operative Pain (LOLIPOP) Trial,RECRUITING,Barwon Health - University Hospital Geelong,RECRUITING,Geelong,Victoria,Australia,2026-09-06
NCT05072314,Long-term Outcomes of Lidocaine Infusions for Post-Operative Pain (LOLIPOP) Trial,RECRUITING,The Alfred,RECRUITING,Melbourne,Victoria,Australia,2026-09-06
NCT05072314,Long-term Outcomes of Lidocaine Infusions for Post-Operative Pain (LOLIPOP) Trial,RECRUITING,Royal Melbourne Hospital,RECRUITING,Melbourne,Victoria,Australia,2026-09-06
NCT05072314,Long-term Outcomes of Lidocaine Infusions for Post-Operative Pain (LOLIPOP) Trial,RECRUITING,St Vincent's Hospital Melbourne,RECRUITING,Melbourne,Victoria,Australia,2026-09-06
NCT05072314,Long-term Outcomes of Lidocaine Infusions for Post-Operative Pain (LOLIPOP) Trial,RECRUITING,Maroondah Hospital - Eastern Health,RECRUITING,Ringwood East,Victoria,Australia,2026-09-06
NCT05072314,Long-term Outcomes of Lidocaine Infusions for Post-Operative Pain (LOLIPOP) Trial,RECRUITING,Bentley Health Service,RECRUITING,Bentley,Western Australia,Australia,2026-09-06
NCT05072314,Long-term Outcomes of Lidocaine Infusions for Post-Operative Pain (LOLIPOP) Trial,RECRUITING,Royal Perth Hospital,RECRUITING,Perth,Western Australia,Australia,2026-09-06
NCT05072314,Long-term Outcomes of Lidocaine Infusions for Post-Operative Pain (LOLIPOP) Trial,RECRUITING,St John of God Subiaco,RECRUITING,Perth,Western Australia,Australia,2026-09-06
NCT05072314,Long-term Outcomes of Lidocaine Infusions for Post-Operative Pain (LOLIPOP) Trial,RECRUITING,Auckland City Hospital,RECRUITING,Auckland,Auckland,New Zealand,2026-09-06
NCT05072314,Long-term Outcomes of Lidocaine Infusions for Post-Operative Pain (LOLIPOP) Trial,RECRUITING,Middlemore Hospital,RECRUITING,Auckland,Middlemore,New Zealand,2026-09-06
NCT05072314,Long-term Outcomes of Lidocaine Infusions for Post-Operative Pain (LOLIPOP) Trial,RECRUITING,Waikato Hospital,RECRUITING,Hamilton,Waikato Region,New Zealand,2026-09-06
NCT06790693,"A Study Evaluating the Efficacy and Safety of Inavolisib Plus CDK4/6 Inhibitor and Letrozole vs Placebo + CDK4/6i and Letrozole in Participants With Endocrine-Sensitive PIK3CA-Mutated, Hormone Receptor-Positive, HER2-Negative Advanced Breast Cancer",RECRUITING,Blacktown Hospital,RECRUITING,Blacktown,New South Wales,Australia,2026-09-06
NCT06790693,"A Study Evaluating the Efficacy and Safety of Inavolisib Plus CDK4/6 Inhibitor and Letrozole vs Placebo + CDK4/6i and Letrozole in Participants With Endocrine-Sensitive PIK3CA-Mutated, Hormone Receptor-Positive, HER2-Negative Advanced Breast Cancer",RECRUITING,Royal North Shore Hospital,RECRUITING,St Leonards,New South Wales,Australia,2026-09-06
NCT06790693,"A Study Evaluating the Efficacy and Safety of Inavolisib Plus CDK4/6 Inhibitor and Letrozole vs Placebo + CDK4/6i and Letrozole in Participants With Endocrine-Sensitive PIK3CA-Mutated, Hormone Receptor-Positive, HER2-Negative Advanced Breast Cancer",RECRUITING,Lyell McEwin Hospital,RECRUITING,Elizabeth Vale,South Australia,Australia,2026-09-06
NCT06790693,"A Study Evaluating the Efficacy and Safety of Inavolisib Plus CDK4/6 Inhibitor and Letrozole vs Placebo + CDK4/6i and Letrozole in Participants With Endocrine-Sensitive PIK3CA-Mutated, Hormone Receptor-Positive, HER2-Negative Advanced Breast Cancer",RECRUITING,Monash Health,RECRUITING,Clayton,Victoria,Australia,2026-09-06
NCT06790693,"A Study Evaluating the Efficacy and Safety of Inavolisib Plus CDK4/6 Inhibitor and Letrozole vs Placebo + CDK4/6i and Letrozole in Participants With Endocrine-Sensitive PIK3CA-Mutated, Hormone Receptor-Positive, HER2-Negative Advanced Breast Cancer",RECRUITING,Maroondah hospital;Oncology clinical trials,RECRUITING,Ringwood,Victoria,Australia,2026-09-06
NCT06952803,A Study of Metastases Free Survival With Saruparib vs Placebo Added to a Standard RT/ADT in Men With High-risk Prostate Cancer With a BRCA Mutation,RECRUITING,Research Site,RECRUITING,Murdoch,,Australia,2026-09-06
NCT06952803,A Study of Metastases Free Survival With Saruparib vs Placebo Added to a Standard RT/ADT in Men With High-risk Prostate Cancer With a BRCA Mutation,RECRUITING,Research Site,RECRUITING,Orange,,Australia,2026-09-06
NCT06952803,A Study of Metastases Free Survival With Saruparib vs Placebo Added to a Standard RT/ADT in Men With High-risk Prostate Cancer With a BRCA Mutation,RECRUITING,Research Site,RECRUITING,South Brisbane,,Australia,2026-09-06
NCT06952803,A Study of Metastases Free Survival With Saruparib vs Placebo Added to a Standard RT/ADT in Men With High-risk Prostate Cancer With a BRCA Mutation,RECRUITING,Research Site,RECRUITING,St Leonards,,Australia,2026-09-06
NCT06952803,A Study of Metastases Free Survival With Saruparib vs Placebo Added to a Standard RT/ADT in Men With High-risk Prostate Cancer With a BRCA Mutation,RECRUITING,Research Site,RECRUITING,Waratah,,Australia,2026-09-06
NCT06952803,A Study of Metastases Free Survival With Saruparib vs Placebo Added to a Standard RT/ADT in Men With High-risk Prostate Cancer With a BRCA Mutation,RECRUITING,Research Site,RECRUITING,Woolloongabba,,Australia,2026-09-06
NCT04802759,A Study Evaluating the Efficacy and Safety of Multiple Treatment Combinations in Participants With Breast Cancer,RECRUITING,Flinders Medical Centre,RECRUITING,Bedford Park,South Australia,Australia,2026-09-06
NCT04802759,A Study Evaluating the Efficacy and Safety of Multiple Treatment Combinations in Participants With Breast Cancer,RECRUITING,Peninsula Health-Frankston Hospital,RECRUITING,Frankston,Victoria,Australia,2026-09-06
NCT04802759,A Study Evaluating the Efficacy and Safety of Multiple Treatment Combinations in Participants With Breast Cancer,RECRUITING,Peter Maccallum Cancer Centre,RECRUITING,Melbourne,Victoria,Australia,2026-09-06
NCT04802759,A Study Evaluating the Efficacy and Safety of Multiple Treatment Combinations in Participants With Breast Cancer,RECRUITING,Linear Clinical Research Limited,RECRUITING,Nedlands,Western Australia,Australia,2026-09-06
