NCT_ID,Brief_Title,Study_Type,Overall_Status,Phases,Enrollment,Enrollment_Type,Lead_Sponsor,Sponsor_Class,Start_Date,Completion_Date,Interventions,Australia_All_Registered_Locations,New_Zealand_All_Registered_Locations,Registered_Location_Group,Australia_Open_Sites,New_Zealand_Open_Sites,Open_Trial_Group,Data_Retrieved_Date
NCT05969041,Study of MT-302 in Adults With Advanced or Metastatic Epithelial Tumors,INTERVENTIONAL,RECRUITING,PHASE1,48.0,ESTIMATED,Myeloid Therapeutics,INDUSTRY,2023-08-02,2028-08-31,MT-302 (A),6,0,Australia only,6,0,Australia only,2026-09-06
NCT07222267,An Investigational Study of BG-75202 Alone and in Combination With Other Therapeutic Agents in Adults With Advanced Solid Tumors,INTERVENTIONAL,RECRUITING,PHASE1,86.0,ESTIMATED,BeOne Medicines,INDUSTRY,2025-12-11,2037-01-13,BG-75202; CDK4 Inhibitor; Estrogen Receptor Antagonist; Aromatase Inhibitor,5,1,Both countries,5,1,Both countries,2026-09-06
NCT05086692,A Beta-only IL-2 ImmunoTherapY Study,INTERVENTIONAL,RECRUITING,"PHASE1, PHASE2",115.0,ESTIMATED,"Medicenna Therapeutics, Inc.",INDUSTRY,2021-08-27,2026-12-30,MDNA11; Pembrolizumab (KEYTRUDA®),4,0,Australia only,4,0,Australia only,2026-09-06
NCT05417594,Study of AZD9574 as Monotherapy and in Combination With Anti-cancer Agents in Participants With Advanced Solid Malignancies,INTERVENTIONAL,RECRUITING,"PHASE1, PHASE2",695.0,ESTIMATED,AstraZeneca,INDUSTRY,2022-06-24,2028-02-07,AZD9574; Temozolomide (TMZ); [11C]AZ1419 3391; Trastuzumab Deruxtecan (T-DXd); Datopotamab Deruxtecan (Dato-DXd),3,0,Australia only,3,0,Australia only,2026-09-06
NCT07661641,A Study of [177Lu]Lu-A9-0631 and [225Ac]Ac-A9-0642 With [68Ga]Ga-A9-6217 or [177Lu]Lu-A9-0631 Imaging in GRPR+ Solid Tumors,INTERVENTIONAL,RECRUITING,PHASE1,115.0,ESTIMATED,Alpha-9 Oncology USA Inc.,INDUSTRY,2026-07-01,2029-12,[68Ga]Ga-A9-6217; Low dose [177Lu]Lu-A9-0631; [177Lu]Lu-A9-0631; [225Ac]Ac-A9-0642,2,0,Australia only,2,0,Australia only,2026-09-06
NCT05417516,A Randomized Trial of Five Fraction Partial Breast Irradiation (RAPID2),INTERVENTIONAL,RECRUITING,PHASE3,910.0,ESTIMATED,Ontario Clinical Oncology Group (OCOG),OTHER,2023-11-20,2031-11,Whole Breast Irradiation (WBI); Partial Breast Irradiation (PBI),12,0,Australia only,12,0,Australia only,2026-09-06
NCT04585750,The Evaluation of PC14586 in Patients With Advanced Solid Tumors Harboring a TP53 Y220C Mutation (PYNNACLE),INTERVENTIONAL,RECRUITING,"PHASE1, PHASE2",300.0,ESTIMATED,"PMV Pharmaceuticals, Inc",INDUSTRY,2020-10-29,2027-12-31,rezatapopt; pembrolizumab,5,0,Australia only,5,0,Australia only,2026-09-06
NCT07085767,Palazestrant in Combination With Ribociclib for the First-line Treatment of ER+/HER2- Advanced Breast Cancer,INTERVENTIONAL,RECRUITING,PHASE3,1000.0,ESTIMATED,"Olema Pharmaceuticals, Inc.",INDUSTRY,2025-11-03,2032-01,Palazestrant; Letrozole-matching placebo; Ribociclib; Letrozole; Palazestrant matching-placebo,8,0,Australia only,8,0,Australia only,2026-09-06
NCT05503797,A Study to Assess the Efficacy and Safety of FORE8394 in Participants With Cancer Harboring BRAF Alterations,INTERVENTIONAL,RECRUITING,PHASE2,254.0,ESTIMATED,Fore Biotherapeutics,INDUSTRY,2023-02-21,2028-12-28,Plixorafenib,5,0,Australia only,5,0,Australia only,2026-09-06
NCT06393374,Sacituzumab Tirumotecan (MK-2870) Plus Pembrolizumab Versus TPC in TNBC Who Did Not Achieve pCR (MK-2870-012),INTERVENTIONAL,RECRUITING,PHASE3,1530.0,ESTIMATED,Merck Sharp & Dohme LLC,INDUSTRY,2024-06-24,2037-12-14,Pembrolizumab; Sacituzumab tirumotecan; Capecitabine,4,0,Australia only,4,0,Australia only,2026-09-06
NCT06926868,"A Study of Izalontamab Brengitecan Versus Chemotherapy in Participants With Previously Untreated, Locally Advanced, Recurrent Inoperable, or Metastatic Triple-negative Breast Cancer Ineligible for Anti-PD(L)1 Drugs (IZABRIGHT-Breast01)",INTERVENTIONAL,RECRUITING,"PHASE2, PHASE3",600.0,ESTIMATED,Bristol-Myers Squibb,INDUSTRY,2025-09-11,2030-05-15,Iza-bren; Nab-paclitaxel; Paclitaxel; Capecitabine; Carboplatin; Gemcitabine,6,0,Australia only,6,0,Australia only,2026-09-06
NCT07339176,Intratumoral N17350 in Advanced Solid Tumors,INTERVENTIONAL,RECRUITING,"PHASE1, PHASE2",275.0,ESTIMATED,Onchilles Pharma Inc,INDUSTRY,2026-05-25,2029-11,N17350,3,0,Australia only,3,0,Australia only,2026-09-06
NCT06312176,A Study of Sacituzumab Tirumotecan (MK-2870) as a Single Agent and in Combination With Pembrolizumab (MK-3475) Versus Treatment of Physician's Choice in Participants With HR+/HER2- Unresectable Locally Advanced or Metastatic Breast Cancer (MK-2870-010),INTERVENTIONAL,RECRUITING,PHASE3,1200.0,ESTIMATED,Merck Sharp & Dohme LLC,INDUSTRY,2024-04-14,2031-04-12,Sacituzumab tirumotecan; Pembrolizumab; Paclitaxel; Nab-paclitaxel; Capecitabine; Liposomal doxorubicin,4,1,Both countries,3,0,Australia only,2026-09-06
NCT06380751,"Saruparib (AZD5305) Plus Camizestrant or Plus Endocrine Therapy, Compared With CDK4/6 Inhibitor Plus Endocrine Therapy or Plus Camizestrant in HR-Positive, HER2-Negative (IHC 0, 1+, 2+/ ISH Non-amplified), BRCA1, BRCA2, or PALB2m Advanced Breast Cancer",INTERVENTIONAL,RECRUITING,PHASE3,788.0,ESTIMATED,AstraZeneca,INDUSTRY,2024-08-01,2031-12-30,Saruparib (AZD5305); Camizestrant; Abemaciclib; Ribociclib; Palbociclib; Fulvestrant; Letrozole; Anastrozole; Exemestane,4,0,Australia only,3,0,Australia only,2026-09-06
NCT06726148,Study of ECI830 Single Agent or in Combination in Patients With Advanced HR+/HER2- Breast Cancer and in Patients With Other Advanced Solid Tumors,INTERVENTIONAL,RECRUITING,"PHASE1, PHASE2",280.0,ESTIMATED,Novartis Pharmaceuticals,INDUSTRY,2025-04-03,2028-09-25,ECI830; ribociclib; fulvestrant,2,0,Australia only,2,0,Australia only,2026-09-06
NCT05867251,Study of AVZO-021 in Patients With Advanced Solid Tumors,INTERVENTIONAL,RECRUITING,"PHASE1, PHASE2",430.0,ESTIMATED,"Avenzo Therapeutics, Inc.",INDUSTRY,2023-08-30,2030-01-31,AVZO-021; Palbociclib; Fulvestrant; Letrozole; Ribociclib; Abemaciclib; Carboplatin; Sacituzumab Govitecan-hziy,2,0,Australia only,2,0,Australia only,2026-09-06
NCT05523947,Clinical Trial of YH32367 in Patients With HER2 Positive Locally Advanced or Metastatic Solid Tumor,INTERVENTIONAL,RECRUITING,"PHASE1, PHASE2",147.0,ESTIMATED,Yuhan Corporation,INDUSTRY,2022-08-26,2028-04-30,YH32367,4,0,Australia only,1,0,Australia only,2026-09-06
NCT03424005,A Study Evaluating the Efficacy and Safety of Multiple Treatment Combinations in Patients With Metastatic or Locally Advanced Breast Cancer,INTERVENTIONAL,RECRUITING,"PHASE1, PHASE2",1132.0,ESTIMATED,Hoffmann-La Roche,INDUSTRY,2018-03-30,2030-09-30,Capecitabine; Atezolizumab; Ipatasertib; SGN-LIV1A; Bevacizumab; Chemotherapy (Gemcitabine + Carboplatin or Eribulin); Selicrelumab; Tocilizumab; Nab-Paclitaxel; Sacituzumab Govitecan; Abemaciclib; Fulvestrant; Ribociclib (Dose #1); Inavolisib (Dose #1); Trastuzumab Deruxtecan; Ribociclib (Dose #2); Letrozole; Inavolisib (Dose #2); Empagliflozin; Palbociclib; Metformin; Atirmociclib; Giredestrant,2,0,Australia only,2,0,Australia only,2026-09-06
NCT06982521,Phase 3 Study of RLY-2608 + Fulvestrant vs Capivasertib + Fulvestrant as Treatment for Locally Advanced or Metastatic PIK3CA-mutant HR+/HER2- Breast Cancer,INTERVENTIONAL,RECRUITING,PHASE3,540.0,ESTIMATED,"Relay Therapeutics, Inc.",INDUSTRY,2025-08-26,2031-12-31,Zovegalisib; Capivasertib; Fulvestrant,10,0,Australia only,10,0,Australia only,2026-09-06
NCT07608848,First-in-human Diagnostic Imaging Profile of the Theranostic Pair [68Ga]Ga-DOTA-STR-17126 and Low Dose [177Lu] Lu-DOTA-STR-17126 in Patients With Advanced or Metastatic Cancer,INTERVENTIONAL,RECRUITING,EARLY_PHASE1,20.0,ESTIMATED,Integrated Haematology and Oncology Network,OTHER,2026-05-28,2029-05-31,[177Lu]Lu-DOTA-STR-17126; [68Ga]Ga-DOTA-STR-17126,1,0,Australia only,1,0,Australia only,2026-09-06
NCT05592938,Partial Breast Re-irradiation Using Ultra Hypofractionation (PRESERVE),INTERVENTIONAL,RECRUITING,NA,171.0,ESTIMATED,"University Health Network, Toronto",OTHER,2023-06-27,2027-06-27,rPBI,1,0,Australia only,1,0,Australia only,2026-09-06
NCT07552922,Determining INdividual Preferences for Gynecomastia avOidance (DINGO) - Stage 1,INTERVENTIONAL,RECRUITING,NA,24.0,ESTIMATED,"St Vincent's Hospital, Sydney",OTHER,2025-12-01,2026-11-30,Semi-structured Interview,1,0,Australia only,1,0,Australia only,2026-09-06
NCT07115043,A Study to Investigate Safety of AZD6750 in Adult Participants With Select Advanced or Metastatic Solid Tumors,INTERVENTIONAL,RECRUITING,"PHASE1, PHASE2",120.0,ESTIMATED,AstraZeneca,INDUSTRY,2025-07-29,2029-10-02,AZD6750; rilvegostomig,1,0,Australia only,1,0,Australia only,2026-09-06
NCT06910657,IDOV-Immune for Advanced Solid Tumors,INTERVENTIONAL,RECRUITING,PHASE1,78.0,ESTIMATED,"ViroMissile, Inc.",INDUSTRY,2025-08-25,2027-05-31,IDOV-Immune (oncolytic vaccinia virus),2,0,Australia only,2,0,Australia only,2026-09-06
NCT05735080,"Open-Label Study to Evaluate the Safety, Tolerability, PK, and Efficacy of INX-315 in Patients With Advanced Cancer",INTERVENTIONAL,RECRUITING,"PHASE1, PHASE2",150.0,ESTIMATED,Incyclix Bio,INDUSTRY,2023-03-28,2027-09,INX-315; Fulvestrant; Abemaciclib,3,0,Australia only,3,0,Australia only,2026-09-06
NCT04895709,A Study of BMS-986340 as Monotherapy and as Combination Therapy in Participants With Advanced Solid Tumors,INTERVENTIONAL,RECRUITING,"PHASE1, PHASE2",1109.0,ESTIMATED,Bristol-Myers Squibb,INDUSTRY,2021-05-27,2031-08-31,BMS-986340; BMS-936558-01; Docetaxel; Pumitamig,6,0,Australia only,6,0,Australia only,2026-09-06
NCT07060807,A Clinical Study of Patritumab Deruxtecan to Treat Breast Cancer (MK-1022-016),INTERVENTIONAL,RECRUITING,PHASE3,1000.0,ESTIMATED,Merck Sharp & Dohme LLC,INDUSTRY,2025-07-21,2033-07-14,Patritumab deruxtecan; Paclitaxel; Nab-paclitaxel; Capecitabine; Liposomal doxorubicin; Trastuzumab deruxtecan,5,0,Australia only,5,0,Australia only,2026-09-06
NCT05350722,Single-dose Preoperative Partial Breast Irradiation in Low-risk Breast Cancer Patients,INTERVENTIONAL,RECRUITING,NA,100.0,ESTIMATED,"Amsterdam UMC, location VUmc",OTHER,2022-08-24,2037-12,Single dose ablative radiotherapy,1,0,Australia only,1,0,Australia only,2026-09-06
NCT05508906,"Phase 1b Study of OP-1250 (Palazestrant) in Combination With Ribociclib, Alpelisib, Everolimus, or Atirmociclib in ER+, HER2- Breast Cancer",INTERVENTIONAL,RECRUITING,PHASE1,190.0,ESTIMATED,"Olema Pharmaceuticals, Inc.",INDUSTRY,2022-08-31,2028-01-31,Palazestrant; Ribociclib; Alpelisib; Everolimus; Atirmociclib,2,0,Australia only,2,0,Australia only,2026-09-06
NCT06926920,A Study of Sacituzumab Govitecan Given at an Alternative Dose and Schedule in Participants With Advanced Triple-Negative Breast Cancer,INTERVENTIONAL,RECRUITING,"PHASE1, PHASE2",100.0,ESTIMATED,Gilead Sciences,INDUSTRY,2025-04-30,2028-06,Sacituzumab Govitecan-hziy (SG),3,0,Australia only,3,0,Australia only,2026-09-06
NCT06400472,A Study of Sofe-M in Participants With Selected Advanced Solid Tumors,INTERVENTIONAL,RECRUITING,PHASE1,575.0,ESTIMATED,Eli Lilly and Company,INDUSTRY,2024-05-20,2029-06,Sofe-M; bevacizumab; carboplatin; Itraconazole; pembrolizumab,2,0,Australia only,2,0,Australia only,2026-09-06
NCT07368998,To Study the Effect of Inavolisib in Combination With Fulvestrant in Participants With Breast Cancer,INTERVENTIONAL,RECRUITING,PHASE2,80.0,ESTIMATED,Hoffmann-La Roche,INDUSTRY,2026-02-18,2031-10-31,Inavolisib; Fulvestrant,4,0,Australia only,4,0,Australia only,2026-09-06
NCT05315700,Study of ORIC-114 in Patients With Advanced Solid Tumors Harboring an EGFR or HER2 Alteration,INTERVENTIONAL,RECRUITING,"PHASE1, PHASE2",350.0,ESTIMATED,ORIC Pharmaceuticals,INDUSTRY,2022-03-10,2027-09,ORIC-114; Chemotherapy drug,4,0,Australia only,4,0,Australia only,2026-09-06
NCT05184582,Physical Exercise During Preoperative Chemotherapy for Breast Cancer,INTERVENTIONAL,RECRUITING,NA,712.0,ESTIMATED,Karolinska Institutet,OTHER,2022-11-09,2028-06,Physical training,1,0,Australia only,1,0,Australia only,2026-09-06
NCT07229313,A Study of KIVU-107 in Participants With Locally Advanced or Metastatic Solid Tumors,INTERVENTIONAL,RECRUITING,PHASE1,76.0,ESTIMATED,Kivu Bioscience Inc.,INDUSTRY,2025-11-13,2030-03-31,KIVU-107,5,0,Australia only,5,0,Australia only,2026-09-06
NCT06533332,A Phase 1 Trial of ERX-315 in Participants With Advanced Solid Tumors,INTERVENTIONAL,RECRUITING,PHASE1,36.0,ESTIMATED,EtiraRx Australia Pty Ltd,OTHER,2024-10-14,2027-06-30,ERX-315,5,0,Australia only,5,0,Australia only,2026-09-06
NCT07492641,BGB-43395 Plus Letrozole Versus CDK4/6i Plus Letrozole for Patients With Advanced or Metastatic HR+/HER2- Breast Cancer Who Have Not Received Prior Treatment for Advanced or Metastatic Disease,INTERVENTIONAL,RECRUITING,PHASE3,1056.0,ESTIMATED,BeOne Medicines,INDUSTRY,2026-05-22,2037-08-07,BGB-43395; Letrozole; Abemaciclib; Palbociclib; Ribociclib,8,0,Australia only,8,0,Australia only,2026-09-06
NCT07334119,"Safety, Pharmacokinetics, Pharmacodynamics and Preliminary Efficacy of MT-304 in Adults With Advanced HER2-Expressing Solid Tumors",INTERVENTIONAL,RECRUITING,PHASE1,60.0,ESTIMATED,Myeloid Therapeutics,INDUSTRY,2025-11-25,2028-03-30,MT-304; MT-304 + Nivolumab,7,0,Australia only,7,0,Australia only,2026-09-06
NCT06103864,A Phase III Study of Dato-DXd With or Without Durvalumab Compared With Investigator's Choice of Chemotherapy in Combination With Pembrolizumab in Patients With PD-L1 Positive Locally Recurrent Inoperable or Metastatic Triple-negative Breast Cancer (TROPION-Breast05),INTERVENTIONAL,RECRUITING,PHASE3,625.0,ESTIMATED,AstraZeneca,INDUSTRY,2023-11-23,2030-09-30,Dato-DXd; Durvalumab; Paclitaxel; Nab-paclitaxel; Gemcitabine; Carboplatin; Pembrolizumab,6,0,Australia only,3,0,Australia only,2026-09-06
NCT06120283,BGB-43395 Alone or as Part of Combination Therapies in Participants With Breast Cancer and Other Advanced Solid Tumors,INTERVENTIONAL,RECRUITING,PHASE1,433.0,ESTIMATED,BeOne Medicines,INDUSTRY,2023-12-01,2029-12,BGB-43395; Fulvestrant; Letrozole; Elacestrant; Anti-Diarrheal Agent,8,1,Both countries,7,1,Both countries,2026-09-06
NCT06784193,Phase 1 Study of OP-3136 in Advanced or Metastatic Solid Tumors,INTERVENTIONAL,RECRUITING,PHASE1,180.0,ESTIMATED,"Olema Pharmaceuticals, Inc.",INDUSTRY,2024-12-16,2027-08-30,OP-3136; Fulvestrant; Palazestrant,1,0,Australia only,1,0,Australia only,2026-09-06
NCT07062965,"A Study to Learn About the Study Medicine Called PF-07248144 in Combination With Fulvestrant in People With HR-positive, HER2-negative Advanced or Metastatic Breast Cancer Who Progressed After a Prior Line of Treatment.",INTERVENTIONAL,RECRUITING,PHASE3,400.0,ESTIMATED,Pfizer,INDUSTRY,2025-08-05,2030-11-04,PF-07248144; Fulvestrant; Everolimus; Exemestane,3,0,Australia only,3,0,Australia only,2026-09-06
NCT07545122,"A Phase 1a/1b, First-Time-in-Human Study of CT-202, a Nectin-4 Directed Bispecific Antibody, in Participants With Recurring Triple Negative Breast, Colorectal, Urothelial Cancers",INTERVENTIONAL,RECRUITING,PHASE1,162.0,ESTIMATED,Context Therapeutics Inc.,INDUSTRY,2026-09,2030-01,CT-202,4,0,Australia only,4,0,Australia only,2026-09-06
NCT06435429,"A Study Comparing the Efficacy and Safety of Zanidatamab to Trastuzumab, Each in Combination With Physician's Choice Chemotherapy, for the Treatment of Participants With Metastatic HER2-positive Breast Cancer",INTERVENTIONAL,RECRUITING,PHASE3,550.0,ESTIMATED,Jazz Pharmaceuticals,INDUSTRY,2024-08-13,2030-10-18,Zanidatamab; Trastuzumab; Eribulin; Vinorelbine; Gemcitabine; Capecitabine,6,0,Australia only,6,0,Australia only,2026-09-06
NCT07174336,A Study of Tersolisib (LY4064809/STX-478) With Other Anti-Cancer Treatments in Participants With Advanced Breast Cancer With a Genetic Change (PIK3CA),INTERVENTIONAL,RECRUITING,PHASE3,800.0,ESTIMATED,Eli Lilly and Company,INDUSTRY,2025-12-22,2033-05,LY4064809; Placebo; Ribociclib; Palbociclib; Abemaciclib; Anastrozole; Letrozole; Exemestane; Fulvestrant,10,0,Australia only,10,0,Australia only,2026-09-06
NCT07413939,RO7771950 Versus Tucatinib in Combination With Trastuzumab and Capecitabine in People With Locally Advanced or Metastatic Breast Cancer That is Human Epidermal Growth Factor Receptor 2 (HER2)-Positive,INTERVENTIONAL,RECRUITING,"PHASE2, PHASE3",650.0,ESTIMATED,Hoffmann-La Roche,INDUSTRY,2026-05-21,2032-09-29,RO7771950; Tucatinib; Trastuzumab; Capecitabine,5,2,Both countries,5,2,Both countries,2026-09-06
NCT05216432,"First-in-Human Study of Mutant-selective PI3Kα Inhibitor, RLY-2608, as a Single Agent in Patients With Advanced Solid Tumors and in Combination With Endocrine Therapy +/- a CDK4/6 or CDK4 Inhibitor in Patients With Advanced Solid Tumors or Advanced Breast Cancer",INTERVENTIONAL,RECRUITING,PHASE1,930.0,ESTIMATED,"Relay Therapeutics, Inc.",INDUSTRY,2021-12-08,2027-04-30,RLY-2608; Fulvestrant; Palbociclib 125mg; Ribociclib 400mg; Ribociclib 600mg; PF-07220060 100mg; PF-07220060 300 mg,3,0,Australia only,3,0,Australia only,2026-09-06
NCT06760819,A Study to Learn More About How Well Treatment With Sevabertinib (BAY 2927088) Tablets Works and How Safe it is in Participants Who Have a Solid Tumor With Mutations of the Human Epidermal Growth Factor Receptor 2 (HER2),INTERVENTIONAL,RECRUITING,PHASE2,111.0,ESTIMATED,Bayer,INDUSTRY,2025-02-13,2029-10-26,BAY2927088,3,0,Australia only,3,0,Australia only,2026-09-06
NCT06492616,"A Study of Elacestrant Versus Standard Endocrine Therapy in Women and Men With ER+,HER2-, Early Breast Cancer With High Risk of Recurrence",INTERVENTIONAL,RECRUITING,PHASE3,4220.0,ESTIMATED,"Stemline Therapeutics, Inc.",INDUSTRY,2024-09-27,2032-10,Elacestrant; Anastrozole; Letrozole; Exemestane; Tamoxifen,25,0,Australia only,25,0,Australia only,2026-09-06
NCT05696626,Evaluation of Lasofoxifene Combined With Abemaciclib Compared With Fulvestrant Combined With Abemaciclib in Locally Advanced or Metastatic ER+/HER2- Breast Cancer With an ESR1 Mutation,INTERVENTIONAL,RECRUITING,PHASE3,600.0,ESTIMATED,LeonaBio,INDUSTRY,2023-10-31,2028-04,Lasofoxifene in combination with abemaciclib; Fulvestrant in combination with abemaciclib,3,0,Australia only,3,0,Australia only,2026-09-06
NCT04947189,Seviteronel in Combination With Chemotherapy in Androgen-receptor Positive Metastatic Triple-negative Breast Cancer,INTERVENTIONAL,RECRUITING,"PHASE1, PHASE2",65.0,ESTIMATED,"St Vincent's Hospital, Sydney",OTHER,2022-11-01,2027-12,Seviteronel-D (Seivteronel in combination with dexamethasone); Docetaxel,1,0,Australia only,1,0,Australia only,2026-09-06
NCT06926075,Early Phase Study of KESONOTIDE™in Participants With Solid Tumours,INTERVENTIONAL,RECRUITING,"PHASE1, PHASE2",80.0,ESTIMATED,Filamon LTD,INDUSTRY,2025-11-07,2027-10-26,A novel hGIIA-Vimentin Inhibitor; Dose expansion,3,0,Australia only,3,0,Australia only,2026-09-06
NCT06625775,Open-Label Study of BBO-10203 in Subjects With Advanced Solid Tumors,INTERVENTIONAL,RECRUITING,PHASE1,392.0,ESTIMATED,"TheRas, Inc., d/b/a BBOT (BridgeBio Oncology Therapeutics)",INDUSTRY,2024-10-29,2028-11,BBO-10203; Trastuzumab; Fulvestrant; Ribociclib; FOLFOX; Bevacizumab,2,0,Australia only,2,0,Australia only,2026-09-06
NCT05706129,"A Study to Assess Safety, Tolerability and Imaging Characteristics of [68Ga]Ga-DPI-4452 and to Assess Safety, Tolerability, and Efficacy of [177Lu]Lu-DPI-4452 in Participants With Unresectable Locally Advanced or Metastatic Solid Tumors",INTERVENTIONAL,RECRUITING,"PHASE1, PHASE2",270.0,ESTIMATED,Lumara Bio Oncologics GmbH,INDUSTRY,2023-03-14,2029-03,[68Ga]Ga-DPI-4452; [177Lu]Lu-DPI-4452,2,0,Australia only,2,0,Australia only,2026-09-06
NCT06966453,A Study of Disitamab Vedotin in Adults With HER2 Expressing Advanced Breast Cancer,INTERVENTIONAL,RECRUITING,"PHASE1, PHASE2",100.0,ESTIMATED,Pfizer,INDUSTRY,2025-06-30,2030-01-27,Disitamab vedotin,3,0,Australia only,3,0,Australia only,2026-09-06
NCT07623369,A First-in-Human Study of HH160 in Participants With Advanced or Metastatic Solid Tumors,INTERVENTIONAL,RECRUITING,PHASE1,299.0,ESTIMATED,Huahui Health,INDUSTRY,2026-06-11,2028-08,HH160,2,0,Australia only,2,0,Australia only,2026-09-06
NCT06242470,A Study of MGC026 in Participants With Advanced Solid Tumors,INTERVENTIONAL,RECRUITING,PHASE1,250.0,ESTIMATED,MacroGenics,INDUSTRY,2024-03-06,2028-10,MGC026 Dose Escalation; MGC026 Dose for Expansion,3,0,Australia only,3,0,Australia only,2026-09-06
NCT05872295,IKS014 in Advanced Solid Tumors That Express HER2,INTERVENTIONAL,RECRUITING,PHASE1,165.0,ESTIMATED,Iksuda Therapeutics Ltd.,INDUSTRY,2023-09-14,2027-12,IKS014,6,1,Both countries,6,1,Both countries,2026-09-06
NCT06172478,A Study of HER3-DXd in Subjects With Locally Advanced or Metastatic Solid Tumors,INTERVENTIONAL,RECRUITING,PHASE2,740.0,ESTIMATED,Daiichi Sankyo,INDUSTRY,2024-02-26,2028-10-10,HER3-DXd,5,0,Australia only,5,0,Australia only,2026-09-06
NCT06756932,BGB-21447 (Bcl-2 Inhibitor) Combinations for Adults With Hormone-Receptor Positive (HR+)/Human Epidermal Growth Factor Receptor 2 Negative (HER2-) Metastatic Breast Cancer,INTERVENTIONAL,RECRUITING,PHASE1,120.0,ESTIMATED,BeOne Medicines,INDUSTRY,2025-02-04,2027-07-30,BGB-21447; Fulvestrant; BGB-43395,6,0,Australia only,6,0,Australia only,2026-09-06
NCT06445738,Post-operative Radiotherapy Omission in Selected Patients With Early Breast Cancer Trial International VErsion (PROSPECTIVE),INTERVENTIONAL,RECRUITING,NA,1400.0,ESTIMATED,"Breast Cancer Trials, Australia and New Zealand",OTHER,2025-06-06,2039-06,Arm A: Radiotherapy Omission; Arm B: Standard Treatment,7,0,Australia only,7,0,Australia only,2026-09-06
NCT05646862,"A Study Evaluating the Efficacy and Safety of Inavolisib Plus Fulvestrant Compared With Alpelisib Plus Fulvestrant in Participants With HR-Positive, HER2-Negative, PIK3CA Mutated, Locally Advanced or Metastatic Breast Cancer Post CDK4/6i and Endocrine Combination Therapy",INTERVENTIONAL,RECRUITING,PHASE3,420.0,ESTIMATED,Hoffmann-La Roche,INDUSTRY,2023-06-07,2029-03-30,Inavolisib; Fulvestrant; Alpelisib; Bupropion; Omeprazole; Midazolam,9,1,Both countries,0,1,New Zealand only,2026-09-06
NCT07660055,Study of [177Lu]Lu-DWJ155 and [68Ga]Ga-DWJ155 in Patients With Solid Tumors,INTERVENTIONAL,RECRUITING,PHASE1,156.0,ESTIMATED,Novartis Pharmaceuticals,INDUSTRY,2026-06-16,2032-05-24,[68Ga]Ga-DWJ155; [177Lu]Lu-DWJ155,1,0,Australia only,1,0,Australia only,2026-09-06
NCT06618287,"A Study to Evaluate the Safety, Tolerability, Drug Levels, and Preliminary Efficacy of BMS-986507 Combinations in Adult Participants With Advanced Solid Tumors",INTERVENTIONAL,RECRUITING,"PHASE1, PHASE2",416.0,ESTIMATED,Bristol-Myers Squibb,INDUSTRY,2025-02-04,2031-02-26,BMS-986507; Osimertinib; Pembrolizumab; Nivolumab; Pumitamig,4,0,Australia only,4,0,Australia only,2026-09-06
NCT06330064,A Study to Evaluate the Efficacy and Safety of Ifinatamab Deruxtecan (I-DXd) in Subjects With Recurrent or Metastatic Solid Tumors (IDeate-PanTumor02),INTERVENTIONAL,RECRUITING,"PHASE1, PHASE2",680.0,ESTIMATED,Daiichi Sankyo,INDUSTRY,2024-04-10,2028-07-25,Ifinatamab deruxtecan,5,0,Australia only,5,0,Australia only,2026-09-06
NCT07100106,"A Study to Evaluate the Effect of GDC-4198 Alone and in Combination With Giredestrant Versus Abemaciclib and Giredestrant in Participants With Locally Advanced or Metastatic Estrogen Receptor-Positive (ER+), Human Epidermal Growth Factor Receptor-Negative (HER2-) Breast Cancer",INTERVENTIONAL,RECRUITING,"PHASE1, PHASE2",285.0,ESTIMATED,"Genentech, Inc.",INDUSTRY,2025-10-07,2028-08-31,GDC-4198; Giredestrant; Abemaciclib,2,0,Australia only,2,0,Australia only,2026-09-06
NCT06249048,Phase 1/2 Study of Intratumoral Injection of STX-001 in Advanced Solid Tumors as Monotherapy or in Combination With Pembrolizumab,INTERVENTIONAL,RECRUITING,"PHASE1, PHASE2",108.0,ESTIMATED,Strand Therapeutics Inc.,INDUSTRY,2024-05-03,2028-11,STX-001; Keytruda®,1,0,Australia only,1,0,Australia only,2026-09-06
NCT05123482,"A Phase I/IIa Study of AZD8205 Given Alone or Combined, in Participants With Advanced/Metastatic Solid Malignancies",INTERVENTIONAL,RECRUITING,"PHASE1, PHASE2",460.0,ESTIMATED,AstraZeneca,INDUSTRY,2021-10-18,2027-09-29,AZD8205; AZD8205 and AZD2936 (Rilvegostomig); AZD8205 and AZD5305 (saruparib); AZD8205 and AZD5305 (saruparib) and AZD2936 (rilvegostomig); AZD8205 in combination with AZD9574; AZD8205 in combination with AZD9574 plus rilvegostomig (AZD2936),3,0,Australia only,1,0,Australia only,2026-09-06
NCT05633654,Study of Sacituzumab Govitecan-hziy and Pembrolizumab Versus Treatment of Physician's Choice in Patients With Triple Negative Breast Cancer Who Have Residual Invasive Disease After Surgery and Neoadjuvant Therapy (ASCENT-05/AFT-65 OptimICE-RD/GBG 119/NSABP B-63),INTERVENTIONAL,RECRUITING,PHASE3,1514.0,ESTIMATED,Gilead Sciences,INDUSTRY,2022-12-12,2031-08,Sacituzumab govitecan-hziy (SG); Pembrolizumab; Capecitabine,10,0,Australia only,10,0,Australia only,2026-09-06
NCT04606446,Study of PF-07248144 in Advanced or Metastatic Solid Tumors,INTERVENTIONAL,RECRUITING,PHASE2,320.0,ESTIMATED,Pfizer,INDUSTRY,2020-11-16,2029-08-10,"PF-07248144; Fulvestrant; Letrozole; Palbociclib; PF-07220060; PF-07850327, ARV-471, vepdegestrant",6,0,Australia only,5,0,Australia only,2026-09-06
NCT07072728,Psilocybin-Assisted Psychotherapy in Cancer Patients With Adjustment Disorder,INTERVENTIONAL,RECRUITING,PHASE2,87.0,ESTIMATED,Psyence Australia Pty Ltd,INDUSTRY,2025-10-01,2027-07-30,Psilocybin therapy,3,0,Australia only,3,0,Australia only,2026-09-06
NCT07369505,Sapu003 in Advanced mTOR-sensitive Solid Tumors,INTERVENTIONAL,RECRUITING,PHASE1,27.0,ESTIMATED,SAPU NANO (US) LLC,INDUSTRY,2025-12-15,2026-12,Sapu003; Exemestane 25 MG,1,0,Australia only,1,0,Australia only,2026-09-06
NCT07358377,"A Trial of HRS-6209-205 to Evaluate the Safety, Tolerability, Pharmacokinetics and Efficacy of HRS-6209 in Combination Therapy in Subjects With HR-Positive/HER2-Negative Cancer",INTERVENTIONAL,RECRUITING,PHASE1,15.0,ESTIMATED,Atridia Pty Ltd.,INDUSTRY,2026-05-15,2027-11-10,HRS-6209 Capsules and fulvestrant injection,6,0,Australia only,6,0,Australia only,2026-09-06
NCT06841354,"A Study of Sacituzumab Tirumotecan (Sac-TMT, MK-2870) as Monotherapy and in Combination With Pembrolizumab (MK-3475) in Participants With Triple-Negative Breast Cancer (MK-2870-011/TroFuse-011)",INTERVENTIONAL,RECRUITING,PHASE3,1000.0,ESTIMATED,Merck Sharp & Dohme LLC,INDUSTRY,2025-03-16,2030-05-18,Sacituzumab tirumotecan; Pembrolizumab; Rescue Medication; Paclitaxel; Nab-paclitaxel; Gemcitabine; Carboplatin,2,2,Both countries,2,2,Both countries,2026-09-06
NCT05307705,A Study of LOXO-783 in Patients With Breast Cancer/Other Solid Tumors,INTERVENTIONAL,RECRUITING,PHASE1,260.0,ESTIMATED,Eli Lilly and Company,INDUSTRY,2022-05-11,2026-12,"LOXO-783; Fulvestrant; Imlunestrant; Abemaciclib; Anastrozole, Exemestane, or Letrozole; Paclitaxel",3,0,Australia only,3,0,Australia only,2026-09-06
NCT06022029,A Dose Escalation and Dose Expansion Study of Intratumoral ONM-501 Alone and in Combination With Cemiplimab in Patients With Advanced Solid Tumors and Lymphomas.,INTERVENTIONAL,RECRUITING,PHASE1,168.0,ESTIMATED,"OncoNano Medicine, Inc.",INDUSTRY,2023-10-13,2026-08-29,ONM-501; Cemiplimab,7,0,Australia only,5,0,Australia only,2026-09-06
NCT06757634,"Phase 3 Study of Gedatolisib as First-Line Treatment for Patients With HR-Positive, HER2-Negative Advanced Breast Cancer (VIKTORIA-2)",INTERVENTIONAL,RECRUITING,PHASE3,1180.0,ESTIMATED,Celcuity Inc,INDUSTRY,2025-07-24,2033-07-30,Arm A: Gedatolisib + Palbociclib + Fulvestrant; Arm B: Ribociclib + Fulvestrant; Arm C: Gedatolisib + Palbociclib + Letrozole; Arm D: Ribociclib + Letrozole,6,0,Australia only,6,0,Australia only,2026-09-06
NCT04889924,ALND vs ART in Positive Sentinel Node After Neoadjuvant Therapy in Breast Cancer,INTERVENTIONAL,RECRUITING,NA,820.0,ESTIMATED,Hospital Universitari de Bellvitge,OTHER,2021-06-11,2028-12-31,Axillary Radiotherapy; Lymphadenectomy,6,0,Australia only,6,0,Australia only,2026-09-06
NCT06305962,177Lu-anti-PD-L1 sdAb in Metastatic Solid Tumors,INTERVENTIONAL,RECRUITING,EARLY_PHASE1,30.0,ESTIMATED,"Radiopharm Theranostics, Ltd",INDUSTRY,2024-06-03,2027-12,177Lu-RAD204,5,0,Australia only,5,0,Australia only,2026-09-06
NCT06188520,"A First-in-human Dose Escalation and Expansion Study to Evaluate the Safety, and Tolerability of AZD8421 Alone or in Combination in Participants With Selected Advanced or Metastatic Solid Tumors",INTERVENTIONAL,RECRUITING,"PHASE1, PHASE2",564.0,ESTIMATED,AstraZeneca,INDUSTRY,2023-12-05,2027-08-04,AZD8421; Camizestrant; Ribociclib; Palbociclib; Abemaciclib,1,0,Australia only,1,0,Australia only,2026-09-06
NCT06065748,"A Study to Evaluate Efficacy and Safety of Giredestrant Compared With Fulvestrant (Plus a CDK4/6 Inhibitor), in Participants With ER-Positive, HER2-Negative Advanced Breast Cancer Resistant to Adjuvant Endocrine Therapy (pionERA Breast Cancer)",INTERVENTIONAL,RECRUITING,PHASE3,1050.0,ESTIMATED,Hoffmann-La Roche,INDUSTRY,2023-12-11,2029-02-12,Giredestrant; Fulvestrant; Abemaciclib; Palbociclib; Ribociclib; LHRH Agonist; FoundationOne Liquid CDx Assay (F1LCDx),9,3,Both countries,1,2,Both countries,2026-09-06
NCT07341737,SL-28 for Advanced Solid Tumours,INTERVENTIONAL,RECRUITING,"PHASE1, PHASE2",60.0,ESTIMATED,Second Life Therapeutics,INDUSTRY,2026-07-13,2027-03-01,SL-28; SL-28; SL-28,1,0,Australia only,1,0,Australia only,2026-09-06
NCT06827236,"A Clinical Study to Find the Optimal Dose of an Investigational Treatment Called BNT323 When Used in Combination With Another Investigational Treatment, BNT327, and to Test if That Combination Treatment is Safe and Beneficial for Patients With Advanced Breast Cancer",INTERVENTIONAL,RECRUITING,"PHASE1, PHASE2",380.0,ESTIMATED,BioNTech SE,INDUSTRY,2025-04-23,2029-08,BNT323; BNT327,3,0,Australia only,3,0,Australia only,2026-09-06
NCT07173751,ROSETTA Breast-01: The Effects and Safety of Pumitamig in Patients With Triple-Negative Breast Cancer,INTERVENTIONAL,RECRUITING,PHASE3,558.0,ESTIMATED,BioNTech SE,INDUSTRY,2025-10-30,2030-09,Pumitamig; Nab-paclitaxel/Paclitaxel; Gemcitabine; Carboplatin; Eribulin; Matching placebo,6,0,Australia only,6,0,Australia only,2026-09-06
NCT06465069,A Study of LY4052031 in Participants With Advanced or Metastatic Urothelial Cancer or Other Solid Tumors,INTERVENTIONAL,RECRUITING,PHASE1,420.0,ESTIMATED,Eli Lilly and Company,INDUSTRY,2024-07-01,2027-05,LY4052031,2,0,Australia only,2,0,Australia only,2026-09-06
NCT06907043,"A Study of PARP1 Selective Inhibitor, EIK1004 (IMP1707) in Participants With Advanced Solid Tumors.",INTERVENTIONAL,RECRUITING,"PHASE1, PHASE2",130.0,ESTIMATED,Eikon Therapeutics,INDUSTRY,2025-04-30,2028-12,EIK1004-001 (IMP1707-001),1,0,Australia only,1,0,Australia only,2026-09-06
NCT06966700,"A Clinical Study of Sacituzumab Tirumotecan (Sac-TMT, MK-2870) in People With Breast Cancer (MK-2870-032)",INTERVENTIONAL,RECRUITING,PHASE3,2400.0,ESTIMATED,Merck Sharp & Dohme LLC,INDUSTRY,2025-06-30,2034-12-29,Sacituzumab tirumotecan; Pembrolizumab; Rescue Medication; Carboplatin; Paclitaxel; Doxorubicin; Epirubicin; Cyclophosphamide; Capecitabine; Olaparib,4,2,Both countries,4,2,Both countries,2026-09-06
NCT05072314,Long-term Outcomes of Lidocaine Infusions for Post-Operative Pain (LOLIPOP) Trial,INTERVENTIONAL,RECRUITING,PHASE3,4300.0,ESTIMATED,Monash University,OTHER,2022-07-27,2029-05,lidocaine 2% and 10%; Placebo,27,3,Both countries,19,3,Both countries,2026-09-06
NCT06790693,"A Study Evaluating the Efficacy and Safety of Inavolisib Plus CDK4/6 Inhibitor and Letrozole vs Placebo + CDK4/6i and Letrozole in Participants With Endocrine-Sensitive PIK3CA-Mutated, Hormone Receptor-Positive, HER2-Negative Advanced Breast Cancer",INTERVENTIONAL,RECRUITING,PHASE3,450.0,ESTIMATED,Hoffmann-La Roche,INDUSTRY,2025-04-09,2032-02-01,Inavolisib; Placebo; CDK4/6i; Letrozole,5,0,Australia only,5,0,Australia only,2026-09-06
NCT06952803,A Study of Metastases Free Survival With Saruparib vs Placebo Added to a Standard RT/ADT in Men With High-risk Prostate Cancer With a BRCA Mutation,INTERVENTIONAL,RECRUITING,PHASE3,700.0,ESTIMATED,AstraZeneca,INDUSTRY,2025-08-06,2036-04-30,Saruparib; Placebo; Abiraterone + Prednisolone/Prednisone; Androgen Deprivation Therapy (ADT),7,0,Australia only,6,0,Australia only,2026-09-06
NCT04802759,A Study Evaluating the Efficacy and Safety of Multiple Treatment Combinations in Participants With Breast Cancer,INTERVENTIONAL,RECRUITING,"PHASE1, PHASE2",316.0,ESTIMATED,Hoffmann-La Roche,INDUSTRY,2021-06-22,2029-05-30,Giredestrant; Abemaciclib; Ipatasertib; Inavolisib; Ribociclib; Everolimus; Samuraciclib; PH FDC SC; Palbociclib; Atezolizumab,4,0,Australia only,4,0,Australia only,2026-09-06
